,Player,Matches,Innings,Overs,Maidens,Runs,Wickets,BBI,Average,Economy,SR,Four_Wickets,Five_Wickets,Player_Name,Country
0,AM Kimote (TAN),33,33,102.5,3,691,48,4/21,14.39,6.71,12.8,1,0,AM Kimote,TAN
1,BJ McCarthy (IRE),37,37,133.0,2,1103,45,3/7,24.51,8.29,17.7,0,0,BJ McCarthy,IRE
2,Ehsan Khan (HKG),31,31,114.5,3,731,44,4/28,16.61,6.36,15.6,1,0,Ehsan Khan,HKG
3,B Evans (ZIM),23,23,76.4,0,583,39,4/16,14.94,7.6,11.7,1,0,B Evans,ZIM
4,N Senamontree (THA),26,26,98.5,10,486,39,4/9,12.46,4.91,15.2,2,0,N Senamontree,THA
5,Haris Rauf (PAK),29,29,103.0,0,941,37,4/22,25.43,9.13,16.7,1,0,Haris Rauf,PAK
6,M Akayezu (RWN),34,34,102.2,2,773,36,3/6,21.47,7.55,17,0,0,M Akayezu,RWN
7,Khalid Ahmadi (BEL),19,19,70.1,1,470,35,4/5,13.42,6.69,12,2,0,Khalid Ahmadi,BEL
8,Rizwan Butt (BHR),23,23,81.5,4,501,33,6/9,15.18,6.12,14.8,0,1,Rizwan Butt,BHR
9,CA Young (IRE),18,18,64.5,0,538,32,4/28,16.81,8.29,12.1,1,0,CA Young,IRE
10,AS Joseph (WI),18,18,66.1,0,592,29,5/40,20.41,8.94,13.6,1,1,AS Joseph,WI
11,LH Ferguson (NZ),18,18,63.5,4,490,28,4/12,17.5,7.67,13.6,1,0,LH Ferguson,NZ
12,CV Varun (IND),15,15,57.0,1,416,26,3/23,16,7.29,13.1,0,0,CV Varun,IND
13,NT Ellis (AUS),15,15,48.1,1,367,25,4/12,14.68,7.61,11.5,1,0,NT Ellis,AUS
14,Azmatullah Omarzai (AFG),19,19,59.1,0,499,24,4/9,20.79,8.43,14.7,1,0,Azmatullah Omarzai,AFG
15,A Bohara (NEP),10,10,35.4,1,259,24,6/11,10.79,7.26,8.9,0,1,A Bohara,NEP
16,R Shepherd (WI),13,13,40.5,0,458,24,5/20,19.08,11.21,10.2,0,1,R Shepherd,WI
17,M Theekshana (SL),24,24,92.1,0,717,24,3/30,29.87,7.77,23,0,0,M Theekshana,SL
18,LV van Beek (NED),11,11,39.4,1,243,24,4/27,10.12,6.12,9.9,1,0,LV van Beek,NED
19,PVD Chameera (SL),13,13,51.5,0,385,23,4/20,16.73,7.42,13.5,1,0,PVD Chameera,SL
20,DM Nakrani (UGA),18,18,60.3,5,358,23,4/16,15.56,5.91,15.7,1,0,DM Nakrani,UGA
21,AR Patel (IND),19,19,69.0,1,532,23,3/17,23.13,7.71,18,0,0,AR Patel,IND
22,S Veerapathiran (BHR),20,20,64.3,0,513,23,3/20,22.3,7.95,16.8,0,0,S Veerapathiran,BHR
23,Haider Ali (UAE),13,13,51.0,1,328,22,4/16,14.9,6.43,13.9,1,0,Haider Ali,UAE
24,CW Perchard (JER),12,12,40.3,0,276,22,4/15,12.54,6.81,11,1,0,CW Perchard,JER
25,Sahel Zadran (AUT),15,15,47.1,2,253,22,5/13,11.5,5.36,12.8,0,1,Sahel Zadran,AUT
26,Tanzim Hasan Sakib (BAN),17,17,62.5,1,583,22,3/66,26.5,9.27,17.1,0,0,Tanzim Hasan Sakib,BAN
27,MNM Aslam (KUW),17,17,64.1,1,340,21,4/22,16.19,5.29,18.3,1,0,MNM Aslam,KUW
28,DJ Hawoe (INA),24,24,68.0,0,448,21,3/9,21.33,6.58,19.4,0,0,DJ Hawoe,INA
29,Mustafizur Rahman (BAN),15,15,56.2,1,390,21,3/7,18.57,6.92,16,0,0,Mustafizur Rahman,BAN
30,Usman Najeeb (KSA),13,13,46.3,0,366,21,3/13,17.42,7.87,13.2,0,0,Usman Najeeb,KSA
31,S Yeshey (BHU),17,17,61.0,2,365,21,8/7,17.38,5.98,17.4,1,1,S Yeshey,BHU
32,SA Abbott (AUS),9,9,33.2,1,296,20,4/31,14.8,8.88,10,1,0,SA Abbott,AUS
33,MJ Santner (NZ),15,15,58.4,1,370,20,3/15,18.5,6.3,17.6,0,0,MJ Santner,NZ
34,Taskin Ahmed (BAN),10,10,36.4,0,278,20,4/28,13.9,7.58,11,1,0,Taskin Ahmed,BAN
35,S Vijay Unni (MAS),21,21,66.2,1,409,20,2/16,20.45,6.16,19.9,0,0,S Vijay Unni,MAS
36,MA Wood (ENG),8,8,28.5,0,198,20,3/12,9.9,6.86,8.6,0,0,MA Wood,ENG
37,DS Airee (NEP),13,13,45.0,1,279,19,4/18,14.68,6.2,14.2,1,0,DS Airee,NEP
38,Muhammad Nadir (RWN),19,19,72.5,1,382,19,4/10,20.1,5.24,23,1,0,Muhammad Nadir,RWN
39,L Ngidi (SA),14,14,46.3,0,428,19,5/39,22.52,9.2,14.6,1,1,L Ngidi,SA
40,F Banunaek (INA),17,17,48.0,1,304,18,4/17,16.88,6.33,16,1,0,F Banunaek,INA
41,Fayyaz Butt (OMA),16,16,49.1,1,364,18,3/23,20.22,7.4,16.3,0,0,Fayyaz Butt,OMA
42,Habib Khan (EST),11,11,44.0,0,307,18,4/16,17.05,6.97,14.6,1,0,Habib Khan,EST
43,YI Patel (KUW),16,16,58.3,0,339,18,4/22,18.83,5.79,19.5,1,0,YI Patel,KUW
44,Sami Sohail (MWI),13,13,46.0,2,281,18,4/6,15.61,6.1,15.3,1,0,Sami Sohail,MWI
45,S Thakor (TAN),14,14,49.0,2,266,18,4/5,14.77,5.42,16.3,1,0,S Thakor,TAN
46,Virandeep Singh (MAS),14,14,53.0,0,254,18,3/7,14.11,4.79,17.6,0,0,Virandeep Singh,MAS
47,Aayan Afzal Khan (UAE),12,12,46.0,0,297,17,3/19,17.47,6.45,16.2,0,0,Aayan Afzal Khan,UAE
48,MA Baig (MWI),10,10,32.5,1,116,17,5/4,6.82,3.53,11.5,1,1,MA Baig,MWI
49,HJ Manenti (ITA),6,6,22.0,2,135,17,5/31,7.94,6.13,7.7,1,1,HJ Manenti,ITA
50,B Muzarabani (ZIM),13,13,46.3,0,330,17,3/23,19.41,7.09,16.4,0,0,B Muzarabani,ZIM
51,Naveen-ul-Haq (AFG),14,14,48.4,1,407,17,3/21,23.94,8.36,17.1,0,0,Naveen-ul-Haq,AFG
52,Ravi Bishnoi (IND),12,12,47.0,2,327,17,4/13,19.23,6.95,16.5,1,0,Ravi Bishnoi,IND
53,V Saini (ROM),15,15,49.4,0,354,17,5/17,20.82,7.12,17.5,0,1,V Saini,ROM
54,Sayed Monib (KUW),10,10,32.0,0,314,17,3/22,18.47,9.81,11.2,0,0,Sayed Monib,KUW
55,Abrar Ahmed (PAK),12,12,43.4,1,293,16,4/9,18.31,6.7,16.3,1,0,Abrar Ahmed,PAK
56,S Bodha (GIBR),10,10,33.5,0,299,16,5/16,18.68,8.83,12.6,0,1,S Bodha,GIBR
57,AR Ramjani (UGA),12,12,45.4,1,232,16,3/26,14.5,5.08,17.1,0,0,AR Ramjani,UGA
58,PJ Cummins (AUS),10,10,38.0,1,299,15,3/28,19.93,7.86,15.2,0,0,PJ Cummins,AUS
59,JJ Huo (MOZ),10,10,33.4,2,205,15,2/5,13.66,6.08,13.4,0,0,JJ Huo,MOZ
60,Imran Khan (BHR),19,19,51.0,0,315,15,4/16,21,6.17,20.4,1,0,Imran Khan,BHR
61,BV Sears (NZ),14,14,46.1,0,402,15,3/22,26.8,8.7,18.4,0,0,BV Sears,NZ
62,K Waiswa (UGA),9,9,27.0,1,199,15,4/29,13.26,7.37,10.8,1,0,K Waiswa,UGA
63,Ali Naseer (UAE),15,15,54.0,3,413,14,2/9,29.5,7.64,23.1,0,0,Ali Naseer,UAE
64,SO Ngoche (KENYA),12,12,42.0,2,220,14,3/22,15.71,5.23,18,0,0,SO Ngoche,KENYA
65,IO Okpe (NGA),14,14,39.5,0,254,14,5/25,18.14,6.37,17,0,1,IO Okpe,NGA
66,Qamar Mushtaque (NOR),15,15,44.5,0,339,14,3/19,24.21,7.56,19.2,0,0,Qamar Mushtaque,NOR
67,Abdul Majid (BHR),17,17,59.0,3,346,13,2/7,26.61,5.86,27.2,0,0,Abdul Majid,BHR
68,DL Brangman (BER),10,10,35.1,1,182,13,3/12,14,5.17,16.2,0,0,DL Brangman,BER
69,BA Carse (ENG),8,8,28.0,0,230,13,3/23,17.69,8.21,12.9,0,0,BA Carse,ENG
70,ZG Foulkes (NZ),11,11,35.4,0,394,13,3/25,30.3,11.04,16.4,0,0,ZG Foulkes,NZ
71,Imran Anwar (BHR),14,14,41.0,0,264,13,3/25,20.3,6.43,18.9,0,0,Imran Anwar,BHR
72,A Morris (CAY),7,7,24.0,2,112,13,4/7,8.61,4.66,11,1,0,A Morris,CAY
73,C Rubagumya (RWN),11,11,38.4,3,247,13,3/14,19,6.38,17.8,0,0,C Rubagumya,RWN
74,Utkarsh Jain (CAM),14,14,45.1,3,303,13,2/10,23.3,6.7,20.8,0,0,Utkarsh Jain,CAM
75,Vraj Patel (KENYA),10,10,33.5,1,184,13,4/29,14.15,5.43,15.6,1,0,Vraj Patel,KENYA
76,Yasim Murtaza (HKG),12,12,44.4,0,346,13,3/18,26.61,7.74,20.6,0,0,Yasim Murtaza,HKG
77,Zahoor Khan (UAE),9,9,35.4,0,233,13,2/20,17.92,6.53,16.4,0,0,Zahoor Khan,UAE
78,Aizaz Khan (HKG),10,10,32.4,0,309,12,4/26,25.75,9.45,16.3,1,0,Aizaz Khan,HKG
79,Bilal Zalmai (AUT),14,14,55.3,1,404,12,3/38,33.66,7.27,27.7,0,0,Bilal Zalmai,AUT
80,Fareed Ahmad (AFG),8,8,25.0,0,255,12,3/15,21.25,10.2,12.5,0,0,Fareed Ahmad,AFG
81,K Fletcher (SUI),8,8,26.2,0,157,12,4/24,13.08,5.96,13.1,1,0,K Fletcher,SUI
82,IK Gamantika (INA),13,13,45.1,1,274,12,2/17,22.83,6.06,22.5,0,0,IK Gamantika,INA
83,C Hinze (JPN),8,8,26.4,1,160,12,4/4,13.33,6,13.3,1,0,C Hinze,JPN
84,AJ Hosein (WI),11,11,41.0,0,287,12,4/22,23.91,7,20.5,1,0,AJ Hosein,WI
85,K Irakoze (RWN),12,12,32.0,1,236,12,4/20,19.66,7.37,16,2,0,K Irakoze,RWN
86,Janak Prakash (SGP),12,12,41.5,0,418,12,2/20,34.83,9.99,20.9,0,0,Janak Prakash,SGP
87,Junaid Siddique (UAE),7,7,26.3,0,228,12,3/14,19,8.6,13.2,0,0,Junaid Siddique,UAE
88,JB Little (IRE),7,7,26.0,1,228,12,4/35,19,8.76,13,1,0,JB Little,IRE
89,Milad Momend (LUX),7,7,24.0,0,217,12,4/38,18.08,9.04,12,1,0,Milad Momend,LUX
90,J Miyagi (UGA),9,9,28.0,0,169,12,3/10,14.08,6.03,14,0,0,J Miyagi,UGA
91,Mohammed Nadeem (QAT),11,11,39.0,1,240,12,3/20,20,6.15,19.5,0,0,Mohammed Nadeem,QAT
92,PK Mohanarangam (Mex),6,6,22.0,1,85,12,4/15,7.08,3.86,11,1,0,PK Mohanarangam,Mex
93,BM Scholtz (NAM),12,12,42.0,0,323,12,3/25,26.91,7.69,21,0,0,BM Scholtz,NAM
94,Siraj Ullah Khadem (POR),5,5,19.3,1,121,12,5/17,10.08,6.2,9.7,0,1,Siraj Ullah Khadem,POR
95,F Stoman (POR),8,8,31.0,1,221,12,3/16,18.41,7.12,15.5,0,0,F Stoman,POR
96,MB Tambe (FIN),10,10,34.2,0,248,12,3/21,20.66,7.22,17.1,0,0,MB Tambe,FIN
97,Aqib Iqbal (AUT),10,10,33.0,0,240,11,2/34,21.81,7.27,18,0,0,Aqib Iqbal,AUT
98,JC Archer (ENG),6,6,23.0,0,170,11,3/13,15.45,7.39,12.5,0,0,JC Archer,ENG
99,LT Bichard (GUE),7,7,21.1,1,139,11,4/20,12.63,6.56,11.5,1,0,LT Bichard,GUE
100,Bilal Hassun (UGA),5,5,14.4,1,85,11,4/23,7.72,5.79,8,1,0,Bilal Hassun,UGA
101,Hasan Mahmud (BAN),9,9,30.1,0,287,11,3/33,26.09,9.51,16.4,0,0,Hasan Mahmud,BAN
102,JO Holder (WI),14,14,50.1,0,454,11,4/27,41.27,9.04,27.3,1,0,JO Holder,WI
103,Ishtiaq Ahmad (KSA),7,7,25.0,0,165,11,5/27,15,6.6,13.6,1,1,Ishtiaq Ahmad,KSA
104,Mohammad Wasim (1) (PAK),10,10,32.5,0,287,11,4/24,26.09,8.74,17.9,1,0,Mohammad Wasim,1
105,KV Morea (PNG),5,5,19.0,0,146,11,4/29,13.27,7.68,10.3,1,0,KV Morea,PNG
106,Mujeeb Ur Rahman (AFG),8,8,27.0,0,152,11,2/9,13.81,5.62,14.7,0,0,Mujeeb Ur Rahman,AFG
107,S Muniandy (MAS),6,6,16.5,0,108,11,4/21,9.81,6.41,9.1,1,0,S Muniandy,MAS
108,Muslim Yar (GER),10,10,38.0,1,233,11,2/13,21.18,6.13,20.7,0,0,Muslim Yar,GER
109,K Piet (BOT),10,10,31.0,2,236,11,3/33,21.45,7.61,16.9,0,0,K Piet,BOT
110,Pramod Madushan (SL),5,5,18.1,0,167,11,4/34,15.18,9.19,9.9,1,0,Pramod Madushan,SL
111,T Rossi (Arg),11,11,34.0,1,221,11,2/3,20.09,6.5,18.5,0,0,T Rossi,Arg
112,A Shahi (CYP),7,7,23.0,0,172,11,3/34,15.63,7.47,12.5,0,0,A Shahi,CYP
113,SM Sharif (SCOT),9,9,23.4,1,152,11,2/7,13.81,6.42,12.9,0,0,SM Sharif,SCOT
114,Sufyan Mehmood (OMA),7,7,27.0,0,206,11,3/28,18.72,7.62,14.7,0,0,Sufyan Mehmood,OMA
115,H Thaker (CAN),11,11,26.5,2,178,11,3/14,16.18,6.63,14.6,0,0,H Thaker,CAN
116,NK Yadav (NEP),9,9,26.0,0,199,11,2/29,18.09,7.65,14.1,0,0,NK Yadav,NEP
117,LA Burns (ESP),5,5,16.4,1,52,10,2/0,5.2,3.12,10,0,0,LA Burns,ESP
118,SM Curran (ENG),12,12,32.4,0,314,10,3/12,31.4,9.61,19.6,0,0,SM Curran,ENG
119,M Dale-Bradley (GUE),4,4,15.0,0,73,10,3/11,7.3,4.86,9,0,0,M Dale-Bradley,GUE
120,LA Dawson (ENG),5,5,18.0,0,120,10,3/24,12,6.66,10.8,0,0,LA Dawson,ENG
121,A Dhabe (SWE),4,4,16.0,0,88,10,3/13,8.8,5.5,9.6,0,0,A Dhabe,SWE
122,BJ Dwarshuis (AUS),5,5,20.0,0,157,10,3/26,15.7,7.85,12,0,0,BJ Dwarshuis,AUS
123,C Kyewuta (UGA),8,8,26.0,0,193,10,3/21,19.3,7.42,15.6,0,0,C Kyewuta,UGA
124,ND Laegsgaard (DEN),8,8,24.0,1,144,10,4/19,14.4,6,14.4,1,0,ND Laegsgaard,DEN
125,KDA Lukies (PHI),6,6,23.5,0,139,10,4/20,13.9,5.83,14.3,1,0,KDA Lukies,PHI
126,Luqman Butt (CAM),11,11,34.1,0,233,10,2/15,23.3,6.81,20.5,0,0,Luqman Butt,CAM
127,Mehran Khan (OMA),8,8,25.0,0,168,10,3/17,16.8,6.72,15,0,0,Mehran Khan,OMA
128,A Nortje (SA),8,8,27.3,0,271,10,4/10,27.1,9.85,16.5,1,0,A Nortje,SA
129,LN Oluoch (KENYA),13,13,38.0,1,327,10,3/21,32.7,8.6,22.8,0,0,LN Oluoch,KENYA
130,MV Pavlovic (SRB),6,6,22.0,1,111,10,4/16,11.1,5.04,13.2,1,0,MV Pavlovic,SRB
131,K Rabada (SA),9,9,31.4,1,244,10,3/18,24.4,7.7,19,0,0,K Rabada,SA
132,Rafiullah (OMA),9,9,26.0,0,232,10,4/25,23.2,8.92,15.6,1,0,Rafiullah,OMA
133,J Shaju (MLT),10,10,33.2,0,315,10,3/14,31.5,9.45,20,0,0,J Shaju,MLT
134,Syazrul Idrus (MAS),5,5,17.0,1,128,10,7/8,12.8,7.52,10.2,0,1,Syazrul Idrus,MAS
135,Umar Adam (MDV),9,9,29.4,0,216,10,3/11,21.6,7.28,17.8,0,0,Umar Adam,MDV
136,Usman Khan (Fran),5,5,15.3,0,81,10,3/39,8.1,5.22,9.3,0,0,Usman Khan,Fran
137,Aamir Lal (SKOR),4,4,14.0,0,109,9,4/35,12.11,7.78,9.3,1,0,Aamir Lal,SKOR
138,Anjar Tadarus (INA),8,8,20.0,0,154,9,4/19,17.11,7.7,13.3,1,0,Anjar Tadarus,INA
139,JJ Bumrah (IND),10,10,37.0,1,291,9,3/14,32.33,7.86,24.6,0,0,JJ Bumrah,IND
140,Harmeet Singh (USA),6,6,23.0,0,130,9,4/18,14.44,5.65,15.3,2,0,Harmeet Singh,USA
141,GI Hume (IRE),6,6,21.0,0,203,9,3/17,22.55,9.66,14,0,0,GI Hume,IRE
142,Huzaifa Mohammed (PHI),9,9,31.0,1,179,9,3/25,19.88,5.77,20.6,0,0,Huzaifa Mohammed,PHI
143,NR Johns-Wickberg (SRB),8,8,28.3,1,228,9,3/16,25.33,8,19,0,0,NR Johns-Wickberg,SRB
144,KA Maharaj (SA),6,6,22.0,0,191,9,2/25,21.22,8.68,14.6,0,0,KA Maharaj,SA
145,EJB Miles (JER),5,5,19.0,0,133,9,2/24,14.77,7,12.6,0,0,EJB Miles,JER
146,AF Milne (NZ),6,6,22.0,0,186,9,3/24,20.66,8.45,14.6,0,0,AF Milne,NZ
147,Mohameed Taiwo (NGA),10,10,22.0,0,129,9,4/16,14.33,5.86,14.6,1,0,Mohameed Taiwo,NGA
148,Muhammad Jawadullah (UAE),7,7,25.1,0,221,9,3/33,24.55,8.78,16.7,0,0,Muhammad Jawadullah,UAE
149,N Nipiko (VAN),9,9,29.1,0,275,9,3/34,30.55,9.42,19.4,0,0,N Nipiko,VAN
150,F Nsubuga (UGA),9,9,30.0,2,152,9,3/21,16.88,5.06,20,0,0,F Nsubuga,UGA
151,O Harvey (GHA),8,8,25.5,1,149,9,4/5,16.55,5.76,17.2,1,0,O Harvey,GHA
152,HH Pandya (IND),8,8,27.0,0,225,9,4/33,25,8.33,18,1,0,HH Pandya,IND
153,AD Russell (WI),9,9,24.5,0,257,9,3/19,28.55,10.34,16.5,0,0,AD Russell,WI
154,Sajad Ahmadzai (BEL),6,6,19.0,0,119,9,3/22,13.22,6.26,12.6,0,0,Sajad Ahmadzai,BEL
155,Shakib Al Hasan (BAN),8,8,28.4,0,215,9,4/35,23.88,7.5,19.1,1,0,Shakib Al Hasan,BAN
156,I Takahashi (JPN),11,11,35.0,0,228,9,2/16,25.33,6.51,23.3,0,0,I Takahashi,JPN
157,SC van Schalkwyk (USA),4,4,12.0,0,91,9,4/25,10.11,7.58,8,2,0,SC van Schalkwyk,USA
158,SZ Vayani (MWI),10,10,38.0,2,227,9,2/29,25.22,5.97,25.3,0,0,SZ Vayani,MWI
159,Waseem Abbas (MLT),7,7,25.0,0,184,9,3/22,20.44,7.36,16.6,0,0,Waseem Abbas,MLT
160,Washington Sundar (IND),9,9,23.0,0,151,9,2/15,16.77,6.56,15.3,0,0,Washington Sundar,IND
161,Abul Farhad (CZK-R),5,5,15.0,1,100,8,4/19,12.5,6.66,11.2,1,0,Abul Farhad,CZK-R
162,Anas Khan (HKG),4,4,14.0,0,61,8,2/4,7.62,4.35,10.5,0,0,Anas Khan,HKG
163,Avesh Khan (IND),5,5,14.0,0,122,8,4/18,15.25,8.71,10.5,1,0,Avesh Khan,IND
164,JA Burrows (IOM),4,4,13.2,0,120,8,3/41,15,9,10,0,0,JA Burrows,IOM
165,FA Cossa (MOZ),4,4,16.0,0,95,8,3/18,11.87,5.93,12,0,0,FA Cossa,MOZ
166,M Dixit (LUX),7,7,26.0,0,199,8,2/23,24.87,7.65,19.5,0,0,M Dixit,LUX
167,KA Jamieson (NZ),6,6,21.0,0,178,8,3/23,22.25,8.47,15.7,0,0,KA Jamieson,NZ
168,Jasdeep Singh (USA),11,11,37.0,1,334,8,2/31,41.75,9.02,27.7,0,0,Jasdeep Singh,USA
169,CBRLS Kumara (SL),5,5,18.0,0,146,8,2/24,18.25,8.11,13.5,0,0,CBRLS Kumara,SL
170,M Magagula (SWZ),5,5,18.0,0,144,8,3/33,18,8,13.5,0,0,M Magagula,SWZ
171,Muhammad Moiz (ROM),4,4,14.0,0,83,8,3/23,10.37,5.92,10.5,0,0,Muhammad Moiz,ROM
172,Mujeeb-ur-Rehman (QAT),8,8,27.0,0,177,8,3/23,22.12,6.55,20.2,0,0,Mujeeb-ur-Rehman,QAT
173,GE Ngegba (SLE),4,4,13.4,0,75,8,5/12,9.37,5.48,10.2,0,1,GE Ngegba,SLE
174,SA Okpe (NGA),12,12,39.0,0,247,8,2/26,30.87,6.33,29.2,0,0,SA Okpe,NGA
175,M Pathirana (SL),7,7,18.3,0,159,8,2/26,19.87,8.59,13.8,0,0,M Pathirana,SL
176,Raaz Mohammad (FIN),5,5,15.0,0,104,8,4/7,13,6.93,11.2,1,0,Raaz Mohammad,FIN
177,AA Rahayu (INA),6,6,17.0,0,86,8,3/13,10.75,5.05,12.7,0,0,AA Rahayu,INA
178,Shakeel Ahmed (OMA),8,8,30.0,0,189,8,2/15,23.62,6.3,22.5,0,0,Shakeel Ahmed,OMA
179,Sher Sahak (NOR),6,6,17.2,0,109,8,3/18,13.62,6.28,13,0,0,Sher Sahak,NOR
180,Shoaib Rafiq (Mex),4,4,11.3,1,46,8,5/12,5.75,4,8.6,0,1,Shoaib Rafiq,Mex
181,MP Stoinis (AUS),7,7,18.4,0,182,8,4/23,22.75,9.75,14,1,0,MP Stoinis,AUS
182,Syed Aziz (MAS),10,10,24.2,0,220,8,3/33,27.5,9.04,18.2,0,0,Syed Aziz,MAS
183,M Vandrasi (CZK-R),2,2,8.0,0,44,8,4/19,5.5,5.5,6,2,0,M Vandrasi,CZK-R
184,DN Wellalage (SL),7,7,26.3,0,206,8,3/9,25.75,7.77,19.8,0,0,DN Wellalage,SL
185,Zeerak Chughtai (BUL),4,4,14.0,0,86,8,4/18,10.75,6.14,10.5,1,0,Zeerak Chughtai,BUL
186,JB Abega (CAM),7,7,21.0,0,165,7,2/3,23.57,7.85,18,0,0,JB Abega,CAM
187,GD Arta (INA),5,5,18.0,5,43,7,2/7,6.14,2.38,15.4,0,0,GD Arta,INA
188,OEG Baartman (SA),7,7,25.5,1,176,7,4/11,25.14,6.81,22.1,1,0,OEG Baartman,SA
189,C Bah (SLE),5,5,12.3,0,59,7,4/2,8.42,4.72,10.7,1,0,C Bah,SLE
190,MG Bracewell (NZ),6,6,19.0,0,108,7,2/11,15.42,5.68,16.2,0,0,MG Bracewell,NZ
191,G Coetzee (SA),6,6,18.0,1,185,7,3/32,26.42,10.27,15.4,0,0,G Coetzee,SA
192,R Coker (SLE),7,7,26.0,3,124,7,2/9,17.71,4.76,22.2,0,0,R Coker,SLE
193,A Conteh (GMB),5,5,13.1,0,82,7,4/10,11.71,6.22,11.2,1,0,A Conteh,GMB
194,P Dakainivanua (Fiji),3,3,12.0,0,77,7,4/32,11,6.41,10.2,1,0,P Dakainivanua,Fiji
195,J Evans (ISR),2,2,8.0,0,32,7,4/20,4.57,4,6.8,1,0,J Evans,ISR
196,Faheem Ashraf (PAK),13,13,29.0,0,257,7,2/28,36.71,8.86,24.8,0,0,Faheem Ashraf,PAK
197,A Gbla (SLE),7,7,25.2,0,155,7,2/18,22.14,6.11,21.7,0,0,A Gbla,SLE
198,Harry Johnson (GUE),6,6,23.0,0,179,7,2/22,25.57,7.78,19.7,0,0,Harry Johnson,GUE
199,D Heyliger (CAN),13,13,37.0,1,293,7,2/18,41.85,7.91,31.7,0,0,D Heyliger,CAN
200,Jaswinder Singh (MLT),6,6,17.3,0,133,7,3/17,19,7.6,15,0,0,Jaswinder Singh,MLT
201,M Jele (SWZ),8,8,22.0,1,153,7,2/19,21.85,6.95,18.8,0,0,M Jele,SWZ
202,S Lamichhane (NEP),3,3,12.0,0,62,7,3/12,8.85,5.16,10.2,0,0,S Lamichhane,NEP
203,KS Leverock (BER),5,5,14.0,0,72,7,3/15,10.28,5.14,12,0,0,KS Leverock,BER
204,OC McCoy (WI),6,6,18.0,0,213,7,3/40,30.42,11.83,15.4,0,0,OC McCoy,WI
205,Mohammad Atif (ESP),5,5,19.2,0,92,7,3/9,13.14,4.75,16.5,0,0,Mohammad Atif,ESP
206,GM Mwendwa (KENYA),4,4,13.0,0,95,7,4/31,13.57,7.3,11.1,1,0,GM Mwendwa,KENYA
207,F Mutua (KENYA),5,5,11.1,0,91,7,2/8,13,8.14,9.5,0,0,F Mutua,KENYA
208,Namgay Thinley (BHU),8,8,27.0,0,137,7,3/15,19.57,5.07,23.1,0,0,Namgay Thinley,BHU
209,R Ngarava (ZIM),5,5,13.2,0,87,7,2/24,12.42,6.52,11.4,0,0,R Ngarava,ZIM
210,YM Nkanya (TAN),5,5,19.0,0,110,7,3/7,15.71,5.78,16.2,0,0,YM Nkanya,TAN
211,AR Puri (SGP),7,7,25.0,0,191,7,2/18,27.28,7.64,21.4,0,0,AR Puri,SGP
212,Saad Bin Zafar (CAN),6,6,22.0,1,147,7,2/14,21,6.68,18.8,0,0,Saad Bin Zafar,CAN
213,M Sarenac (SRB),7,7,22.0,0,184,7,3/18,26.28,8.36,18.8,0,0,M Sarenac,SRB
214,Sazib Bhuiyan (CZK-R),5,5,18.0,0,135,7,3/35,19.28,7.5,15.4,0,0,Sazib Bhuiyan,CZK-R
215,Sharafuddin Ashraf (AFG),4,4,14.0,0,77,7,3/24,11,5.5,12,0,0,Sharafuddin Ashraf,AFG
216,Shivam Sharma (CAN),3,3,10.0,0,48,7,4/14,6.85,4.8,8.5,1,0,Shivam Sharma,CAN
217,CA Soper (PNG),6,6,20.4,0,130,7,3/26,18.57,6.29,17.7,0,0,CA Soper,PNG
218,T Taylor (CAY),6,6,18.1,0,130,7,3/34,18.57,7.15,15.5,0,0,T Taylor,CAY
219,R Trumpelmann (NAM),9,9,29.0,1,210,7,1/3,30,7.24,24.8,0,0,R Trumpelmann,NAM
220,Waseem Yaqoob (LES),4,4,11.0,0,103,7,3/40,14.71,9.36,9.4,0,0,Waseem Yaqoob,LES
221,Zain Ul Abidin (KSA),8,8,28.0,0,139,7,2/16,19.85,4.96,24,0,0,Zain Ul Abidin,KSA
222,DK Anefie (GHA),5,5,19.0,1,117,6,2/12,19.5,6.15,19,0,0,DK Anefie,GHA
223,NN Banner (Blz),3,3,12.0,1,67,6,3/12,11.16,5.58,12,0,0,NN Banner,Blz
224,Bilal Ahmad Mir (SKOR),4,4,15.0,0,103,6,3/22,17.16,6.86,15,0,0,Bilal Ahmad Mir,SKOR
225,DA Blignaut (GER),8,8,17.0,1,119,6,2/8,19.83,7,17,0,0,DA Blignaut,GER
226,I Danladi (NGA),3,3,10.0,0,32,6,3/2,5.33,3.2,10,0,0,I Danladi,NGA
227,Dawood Ahmadzai (Fran),7,7,27.0,1,164,6,3/35,27.33,6.07,27,0,0,Dawood Ahmadzai,Fran
228,A Dhingra (LUX),5,5,16.0,1,123,6,2/26,20.5,7.68,16,0,0,A Dhingra,LUX
229,RM Dorji (BHU),4,4,14.0,0,86,6,2/16,14.33,6.14,14,0,0,RM Dorji,BHU
230,C Forshaw (GUE),6,6,19.0,0,180,6,3/31,30,9.47,19,0,0,C Forshaw,GUE
231,PF Gallagher (FIN),4,4,14.0,0,100,6,3/33,16.66,7.14,14,0,0,PF Gallagher,FIN
232,T Gwandu (ZIM),8,8,25.2,0,232,6,2/15,38.66,9.15,25.3,0,0,T Gwandu,ZIM
233,Ihsanullah (PAK),4,4,14.5,0,108,6,3/29,18,7.28,14.8,0,0,Ihsanullah,PAK
234,Imad Wasim (PAK),3,3,12.0,0,66,6,3/19,11,5.5,12,0,0,Imad Wasim,PAK
235,J Jojo (DEN),4,4,13.0,2,83,6,2/7,13.83,6.38,13,0,0,J Jojo,DEN
236,R Kalimuthu (SGP),3,3,12.0,0,128,6,2/12,21.33,10.66,12,0,0,R Kalimuthu,SGP
237,SI Kamea (PNG),4,4,13.2,0,47,6,2/13,7.83,3.52,13.3,0,0,SI Kamea,PNG
238,PK Langat (KENYA),7,7,19.0,1,121,6,2/11,20.16,6.36,19,0,0,PK Langat,KENYA
239,K Mirpuri (GIBR),5,5,18.0,0,165,6,3/25,27.5,9.16,18,0,0,K Mirpuri,GIBR
240,Mohammad Amir (PAK),5,5,16.2,0,117,6,2/13,19.5,7.16,16.3,0,0,Mohammad Amir,PAK
241,Mohammad Nabi (AFG),6,6,17.0,0,135,6,4/7,22.5,7.94,17,1,0,Mohammad Nabi,AFG
242,Mohammed Shami (IND),5,5,17.0,0,104,6,2/14,17.33,6.11,17,0,0,Mohammed Shami,IND
243,Mohammed Siraj (IND),2,2,8.0,1,41,6,4/17,6.83,5.12,8,1,0,Mohammed Siraj,IND
244,M Mooketsi (BOT),7,7,21.0,0,148,6,2/19,24.66,7.04,21,0,0,M Mooketsi,BOT
245,SM Nash (Samoa),4,4,10.0,0,96,6,4/24,16,9.6,10,1,0,SM Nash,Samoa
246,Nyein Cham Soe (MYAN),4,4,10.0,0,90,6,3/12,15,9,10,0,0,Nyein Cham Soe,MYAN
247,D Parashar (UAE),7,7,22.0,1,161,6,2/11,26.83,7.31,22,0,0,D Parashar,UAE
248,Parveen Kumar (FIN),3,3,11.2,0,81,6,3/30,13.5,7.14,11.3,0,0,Parveen Kumar,FIN
249,Rahmatullah Mangal (Fran),8,8,23.2,1,166,6,2/24,27.66,7.11,23.3,0,0,Rahmatullah Mangal,Fran
250,LN Rajbanshi (NEP),7,7,22.3,0,158,6,2/17,26.33,7.02,22.5,0,0,LN Rajbanshi,NEP
251,Saeed Waqar Ali (SVN),5,5,13.0,1,95,6,2/15,15.83,7.3,13,0,0,Saeed Waqar Ali,SVN
252,Sahir Naqash (GER),3,3,10.5,0,66,6,3/24,11,6.09,10.8,0,0,Sahir Naqash,GER
253,Ali Nayyer (SUI),4,4,13.5,0,133,6,2/26,22.16,9.61,13.8,0,0,Ali Nayyer,SUI
254,Simranjeet Singh (UAE),2,2,7.0,0,39,6,4/15,6.5,5.57,7,1,0,Simranjeet Singh,UAE
255,IS Sodhi (NZ),2,2,8.0,0,46,6,4/12,7.66,5.75,8,1,0,IS Sodhi,NZ
256,Sompal Kami (NEP),6,6,16.2,0,134,6,3/30,22.33,8.2,16.3,0,0,Sompal Kami,NEP
257,JTS Sumerauer (JER),3,3,9.0,0,69,6,4/22,11.5,7.66,9,1,0,JTS Sumerauer,JER
258,D Suzuki (JPN),5,5,14.0,0,99,6,3/37,16.5,7.07,14,0,0,D Suzuki,JPN
259,OE Taylor (COK),4,4,14.0,0,95,6,2/27,15.83,6.78,14,0,0,OE Taylor,COK
260,Thuya Aung (MYAN),8,8,23.4,2,120,6,2/12,20,5.07,23.6,0,0,Thuya Aung,MYAN
261,T Tshose (BOT),9,9,28.0,0,194,6,2/43,32.33,6.92,28,0,0,T Tshose,BOT
262,DJ Turkich (CRT),3,3,10.0,1,56,6,3/7,9.33,5.6,10,0,0,DJ Turkich,CRT
263,Usman Khalid (KSA),10,10,37.0,0,225,6,2/11,37.5,6.08,37,0,0,Usman Khalid,KSA
264,PA van Meekeren (NED),8,8,25.4,1,174,6,2/15,29,6.77,25.6,0,0,PA van Meekeren,NED
265,N Vanua (PNG),4,4,16.0,0,156,6,2/29,26,9.75,16,0,0,N Vanua,PNG
266,Wahidullah Sahak (NOR),4,4,15.0,0,91,6,3/17,15.16,6.06,15,0,0,Wahidullah Sahak,NOR
267,OJ Webster (IOM),3,3,11.0,0,81,6,3/33,13.5,7.36,11,0,0,OJ Webster,IOM
268,Mohammad Aadil Alam (NEP),5,5,13.0,0,78,5,2/21,15.6,6,15.6,0,0,Mohammad Aadil Alam,NEP
269,Abbas Ghani (HUN),3,3,6.0,0,46,5,2/14,9.2,7.66,7.2,0,0,Abbas Ghani,HUN
270,Abdullah Akbarjan (AUT),3,3,11.0,0,76,5,2/22,15.2,6.9,13.2,0,0,Abdullah Akbarjan,AUT
271,Abdul Samad (JPN),4,4,11.0,1,35,5,2/4,7,3.18,13.2,0,0,Abdul Samad,JPN
272,Atif Kamal (LUX),3,3,9.0,0,52,5,3/15,10.4,5.77,10.8,0,0,Atif Kamal,LUX
273,Atif Mehmood (ESP),5,5,14.4,2,87,5,2/17,17.4,5.93,17.6,0,0,Atif Mehmood,ESP
274,MM Baig (QAT),6,6,15.0,1,84,5,3/8,16.8,5.6,18,0,0,MM Baig,QAT
275,JR Barry (BHM),2,2,5.0,2,23,5,3/20,4.6,4.6,6,0,0,JR Barry,BHM
276,C Bosch (SA),5,5,16.0,0,122,5,2/16,24.4,7.62,19.2,0,0,C Bosch,SA
277,L Bruce (GIBR),6,6,14.0,0,125,5,3/24,25,8.92,16.8,0,0,L Bruce,GIBR
278,TL Chatara (ZIM),6,6,19.5,1,151,5,3/16,30.2,7.61,23.8,0,0,TL Chatara,ZIM
279,A Chenthamara (KUW),2,2,5.2,0,45,5,3/18,9,8.43,6.4,0,0,A Chenthamara,KUW
280,S Crowie (STHEL),3,3,10.3,1,46,5,2/5,9.2,4.38,12.6,0,0,S Crowie,STHEL
281,TJ Draca (ITA),4,4,12.0,0,130,5,2/25,26,10.83,14.4,0,0,TJ Draca,ITA
282,Fazil Rahman (MLT),2,2,7.5,1,52,5,3/26,10.4,6.63,9.4,0,0,Fazil Rahman,MLT
283,Fitri Sham (MAS),8,8,26.0,0,193,5,2/21,38.6,7.42,31.2,0,0,Fitri Sham,MAS
284,RJ Gleeson (ENG),3,3,12.0,0,121,5,3/51,24.2,10.08,14.4,0,0,RJ Gleeson,ENG
285,AK Gokoel (Sur),3,3,11.0,1,64,5,3/15,12.8,5.81,13.2,0,0,AK Gokoel,Sur
286,OD Hald (DEN),2,2,6.0,0,33,5,3/12,6.6,5.5,7.2,0,0,OD Hald,DEN
287,PW Hasaranga (SL),3,3,10.0,0,95,5,4/33,19,9.5,12,1,0,PW Hasaranga,SL
288,S Hirugade (Mex),4,4,15.0,0,77,5,2/9,15.4,5.13,18,0,0,S Hirugade,Mex
289,KAB Hynam-Nyberg (Samoa),4,4,14.0,0,115,5,2/36,23,8.21,16.8,0,0,KAB Hynam-Nyberg,Samoa
290,O Isiyaku (NGA),2,2,7.4,0,42,5,3/17,8.4,5.47,9.2,0,0,O Isiyaku,NGA
291,Jakob Gul (BUL),2,2,8.0,0,55,5,3/22,11,6.87,9.6,0,0,Jakob Gul,BUL
292,D Johnson (SUI),4,4,15.0,0,110,5,2/26,22,7.33,18,0,0,D Johnson,SUI
293,SA Jumbe (TAN),5,5,16.4,0,114,5,4/24,22.8,6.84,20,1,0,SA Jumbe,TAN
294,A Kheterpal (HUN),7,7,25.4,0,178,5,3/19,35.6,6.93,30.8,0,0,A Kheterpal,HUN
295,Khizar Hayat (MAS),9,9,28.5,0,240,5,2/29,48,8.32,34.6,0,0,Khizar Hayat,MAS
296,H Klazinge (NAM),3,3,9.0,0,56,5,2/15,11.2,6.22,10.8,0,0,H Klazinge,NAM
297,K Klein (NED),4,4,14.0,0,103,5,3/31,20.6,7.35,16.8,0,0,K Klein,NED
298,S Koppolu (SVN),5,5,15.0,0,122,5,2/32,24.4,8.13,18,0,0,S Koppolu,SVN
299,T Lungameni (NAM),12,12,38.0,0,302,5,1/18,60.4,7.94,45.6,0,0,T Lungameni,NAM
300,Mahedi Hasan (BAN),6,6,22.0,0,157,5,4/13,31.4,7.13,26.4,1,0,Mahedi Hasan,BAN
301,HV Mandhyan (HUN),3,3,10.0,1,78,5,3/30,15.6,7.8,12,0,0,HV Mandhyan,HUN
302,P Mishra (BUL),5,5,20.0,0,132,5,2/16,26.4,6.6,24,0,0,P Mishra,BUL
303,Mohammad Nadeem (OMA),8,8,21.0,0,156,5,2/15,31.2,7.42,25.2,0,0,Mohammad Nadeem,OMA
304,Mohammad Saifuddin (BAN),4,4,15.5,0,150,5,3/42,30,9.47,19,0,0,Mohammad Saifuddin,BAN
305,Mohamed Shafeeq (KUW),5,5,17.4,0,106,5,3/28,21.2,6,21.2,0,0,Mohamed Shafeeq,KUW
306,G Motie (WI),3,3,12.0,1,72,5,4/28,14.4,6,14.4,1,0,G Motie,WI
307,Muhammad Asim (QAT),5,5,15.0,0,99,5,2/21,19.8,6.6,18,0,0,Muhammad Asim,QAT
308,D Mullen (GUE),5,5,17.0,0,129,5,3/26,25.8,7.58,20.4,0,0,D Mullen,GUE
309,JDS Neesham (NZ),4,4,11.4,0,88,5,2/19,17.6,7.54,14,0,0,JDS Neesham,NZ
310,AE Paraam (SGP),5,5,17.0,0,121,5,2/11,24.2,7.11,20.4,0,0,AE Paraam,SGP
311,HV Patel (IND),5,5,18.0,0,182,5,2/37,36.4,10.11,21.6,0,0,HV Patel,IND
312,GA Priandana (INA),7,7,22.0,0,146,5,1/14,29.2,6.63,26.4,0,0,GA Priandana,INA
313,Raja Adeel (ESP),4,4,14.2,0,97,5,3/18,19.4,6.76,17.2,0,0,Raja Adeel,ESP
314,J Rasu (VAN),5,5,16.0,0,132,5,2/23,26.4,8.25,19.2,0,0,J Rasu,VAN
315,S Ravoka (Fiji),2,2,8.0,0,56,5,3/23,11.2,7,9.6,0,0,S Ravoka,Fiji
316,KW Richardson (AUS),3,3,10.5,0,109,5,3/21,21.8,10.06,13,0,0,KW Richardson,AUS
317,S Rukmal (SEY),5,5,18.0,0,116,5,2/18,23.2,6.44,21.6,0,0,S Rukmal,SEY
318,Saim Ayub (PAK),5,5,15.0,0,97,5,3/25,19.4,6.46,18,0,0,Saim Ayub,PAK
319,E Sebareme (RWN),4,4,11.0,1,64,5,3/11,12.8,5.81,13.2,0,0,E Sebareme,RWN
320,Shafiullah Zakhel (BEL),2,2,6.0,0,23,5,3/12,4.6,3.83,7.2,0,0,Shafiullah Zakhel,BEL
321,Shagharai Sefat (BEL),2,2,8.0,0,35,5,3/24,7,4.37,9.6,0,0,Shagharai Sefat,BEL
322,Shahil Momin (AUT),5,5,16.0,0,100,5,2/18,20,6.25,19.2,0,0,Shahil Momin,AUT
323,A Shukla (HKG),5,5,16.0,0,139,5,3/30,27.8,8.68,19.2,0,0,A Shukla,HKG
324,L Sipamla (SA),4,4,16.0,0,187,5,2/38,37.4,11.68,19.2,0,0,L Sipamla,SA
325,JJ Smit (NAM),6,6,21.0,0,166,5,3/24,33.2,7.9,25.2,0,0,JJ Smit,NAM
326,H Ssenyondo (UGA),6,6,24.0,0,92,5,2/11,18.4,3.83,28.8,0,0,H Ssenyondo,UGA
327,MWR Stokes (GUE),4,4,11.0,2,68,5,2/11,13.6,6.18,13.2,0,0,MWR Stokes,GUE
328,Umair Tariq (AUT),4,4,9.2,0,60,5,2/10,12,6.42,11.2,0,0,Umair Tariq,AUT
329,P Useni (NGA),8,8,15.0,0,109,5,2/31,21.8,7.26,18,0,0,P Useni,NGA
330,Waqas Ahmad (MLT),6,6,22.0,0,179,5,2/21,35.8,8.13,26.4,0,0,Waqas Ahmad,MLT
331,Adil Khan (GER),2,2,8.0,0,40,4,2/18,10,5,12,0,0,Adil Khan,GER
332,RDB Ahir (PAN),4,4,12.1,0,76,4,2/14,19,6.24,18.2,0,0,RDB Ahir,PAN
333,Akif Raja (UAE),6,6,13.5,1,132,4,2/11,33,9.54,20.7,0,0,Akif Raja,UAE
334,GG Alta (TKY),4,4,14.5,1,129,4,3/34,32.25,8.69,22.2,0,0,GG Alta,TKY
335,Amjad Mahboob (SGP),2,2,8.0,0,76,4,3/29,19,9.5,12,0,0,Amjad Mahboob,SGP
336,Andre Jarju (GMB),3,3,12.0,0,111,4,3/40,27.75,9.25,18,0,0,Andre Jarju,GMB
337,NK Aneesh Kumar (SUI),3,3,9.5,0,53,4,3/19,13.25,5.38,14.7,0,0,NK Aneesh Kumar,SUI
338,Arif Ullah (MAS),1,1,4.0,0,10,4,4/10,2.5,2.5,6,1,0,Arif Ullah,MAS
339,P Arrighi (Arg),3,3,12.0,1,88,4,2/45,22,7.33,18,0,0,P Arrighi,Arg
340,Arun Yadav (TAN),2,2,4.0,0,19,4,3/12,4.75,4.75,6,0,0,Arun Yadav,TAN
341,A Ashokan (CZK-R),2,2,8.0,1,39,4,2/15,9.75,4.87,12,0,0,A Ashokan,CZK-R
342,Asif Javed (BHR),2,2,7.0,1,17,4,3/5,4.25,2.42,10.5,0,0,Asif Javed,BHR
343,R Avery (BRA),1,1,4.0,0,20,4,4/20,5,5,6,1,0,R Avery,BRA
344,Azam Khalil (SWE),4,4,14.0,1,61,4,3/15,15.25,4.35,21,0,0,Azam Khalil,SWE
345,V Baskaran (SGP),4,4,15.0,0,99,4,2/23,24.75,6.6,22.5,0,0,V Baskaran,SGP
346,GK Berg (ITA),6,6,19.0,1,161,4,3/16,40.25,8.47,28.5,0,0,GK Berg,ITA
347,WAE Burton (SRB),6,6,17.0,0,137,4,2/9,34.25,8.05,25.5,0,0,WAE Burton,SRB
348,Chaudhary Akram (NOR),2,2,5.0,0,27,4,2/13,6.75,5.4,7.5,0,0,Chaudhary Akram,NOR
349,G Chohan (PHI),7,7,15.1,1,129,4,3/21,32.25,8.5,22.7,0,0,G Chohan,PHI
350,TL Cutler (VAN),2,2,7.0,0,74,4,3/44,18.5,10.57,10.5,0,0,TL Cutler,VAN
351,BFW de Leede (NED),3,3,11.0,0,70,4,2/18,17.5,6.36,16.5,0,0,BFW de Leede,NED
352,DT Doram (NED),7,7,24.0,0,208,4,2/13,52,8.66,36,0,0,DT Doram,NED
353,S Duggan (Arg),4,4,12.0,0,69,4,1/10,17.25,5.75,18,0,0,S Duggan,Arg
354,A Dutt (NED),4,4,14.0,0,106,4,1/24,26.5,7.57,21,0,0,A Dutt,NED
355,MG Erasmus (NAM),4,4,12.0,1,60,4,2/19,15,5,18,0,0,MG Erasmus,NAM
356,Faheem Nazir (SUI),4,4,8.1,0,58,4,2/16,14.5,7.1,12.2,0,0,Faheem Nazir,SUI
357,R Fox (BHM),2,2,8.0,0,61,4,3/16,15.25,7.62,12,0,0,R Fox,BHM
358,BD Glover (NED),2,2,6.5,1,51,4,2/22,12.75,7.46,10.2,0,0,BD Glover,NED
359,Hamid Mahmood (SWE),3,3,9.0,0,38,4,2/10,9.5,4.22,13.5,0,0,Hamid Mahmood,SWE
360,Imran Ahmed Kaneez (CRC),3,3,11.0,0,49,4,2/17,12.25,4.45,16.5,0,0,Imran Ahmed Kaneez,CRC
361,Jai Sinh (SUI),1,1,4.0,0,23,4,4/23,5.75,5.75,6,1,0,Jai Sinh,SUI
362,M Jansen (SA),1,1,4.0,0,40,4,4/40,10,10,6,1,0,M Jansen,SA
363,J Jarvis (SCOT),2,2,5.0,0,27,4,3/21,6.75,5.4,7.5,0,0,J Jarvis,SCOT
364,Jaspreet Singh (ITA),4,4,13.0,2,84,4,2/9,21,6.46,19.5,0,0,Jaspreet Singh,ITA
365,SH Johnson (AUS),3,3,10.0,0,98,4,2/39,24.5,9.8,15,0,0,SH Johnson,AUS
366,S Joseph (WI),4,4,14.0,0,127,4,2/40,31.75,9.07,21,0,0,S Joseph,WI
367,AB Kamara (SLE),4,4,10.0,1,70,4,2/4,17.5,7,15,0,0,AB Kamara,SLE
368,D Kansonkho (MWI),1,1,3.0,0,16,4,4/16,4,5.33,4.5,1,0,D Kansonkho,MWI
369,J Kariko (PNG),3,3,11.0,0,81,4,2/29,20.25,7.36,16.5,0,0,J Kariko,PNG
370,E Karimi (DEN),2,2,7.0,0,64,4,2/31,16,9.14,10.5,0,0,E Karimi,DEN
371,L Karlsson (SWE),1,1,4.0,0,20,4,4/20,5,5,6,1,0,L Karlsson,SWE
372,M Koli (ROM),4,4,14.0,0,116,4,2/20,29,8.28,21,0,0,M Koli,ROM
373,K Kubota (JPN),3,3,6.0,0,41,4,2/16,10.25,6.83,9,0,0,K Kubota,JPN
374,E Kubwimana (RWN),5,5,12.1,0,84,4,2/18,21,6.9,18.2,0,0,E Kubwimana,RWN
375,BG Lister (NZ),5,5,16.5,0,143,4,2/30,35.75,8.49,25.2,0,0,BG Lister,NZ
376,GT Main (SCOT),3,3,10.0,0,91,4,2/26,22.75,9.1,15,0,0,GT Main,SCOT
377,Mohammad Nawaz (3) (PAK),4,4,13.0,0,84,4,2/21,21,6.46,19.5,0,0,Mohammad Nawaz,3
378,Muhammad Jabir (QAT),4,4,12.4,0,123,4,2/43,30.75,9.71,19,0,0,Muhammad Jabir,QAT
379,Muhammad Murad (QAT),3,3,11.0,0,90,4,2/31,22.5,8.18,16.5,0,0,Muhammad Murad,QAT
380,Muhammad Rohid (UAE),2,2,8.0,0,73,4,3/23,18.25,9.12,12,0,0,Muhammad Rohid,UAE
381,Muhammad Wafiq (MAS),8,8,21.0,2,167,4,1/14,41.75,7.95,31.5,0,0,Muhammad Wafiq,MAS
382,Mukesh Kumar (IND),2,2,7.5,0,67,4,3/32,16.75,8.55,11.7,0,0,Mukesh Kumar,IND
383,Najjam Shahzad (POR),7,7,18.0,0,125,4,3/25,31.25,6.94,27,0,0,Najjam Shahzad,POR
384,Nasum Ahmed (BAN),6,6,20.0,0,153,4,3/21,38.25,7.65,30,0,0,Nasum Ahmed,BAN
385,A Natubhai Ahir (PAN),4,4,14.2,2,78,4,1/14,19.5,5.44,21.5,0,0,A Natubhai Ahir,PAN
386,Nilansh Keswani (UAE),4,4,16.0,0,110,4,1/20,27.5,6.87,24,0,0,Nilansh Keswani,UAE
387,S Nsubuga (UGA),3,3,10.0,0,72,4,3/24,18,7.2,15,0,0,S Nsubuga,UGA
388,J Overton (ENG),6,6,13.4,0,147,4,2/17,36.75,10.75,20.5,0,0,J Overton,ENG
389,D Panda (Mex),1,1,2.0,0,6,4,4/6,1.5,3,3,1,0,D Panda,Mex
390,AJ Parmar (NOR),2,2,7.0,0,48,4,3/30,12,6.85,10.5,0,0,AJ Parmar,NOR
391,C Pengkumta (THA),3,3,7.0,0,68,4,2/28,17,9.71,10.5,0,0,C Pengkumta,THA
392,N Pokana (PNG),3,3,12.0,0,118,4,2/32,29.5,9.83,18,0,0,N Pokana,PNG
393,M Prasidh Krishna (IND),2,2,8.0,0,61,4,2/29,15.25,7.62,12,0,0,M Prasidh Krishna,IND
394,AU Rashid (ENG),5,5,18.0,1,133,4,1/21,33.25,7.38,27,0,0,AU Rashid,ENG
395,S Ravikumar (CRC),3,3,10.0,0,39,4,2/10,9.75,3.9,15,0,0,S Ravikumar,CRC
396,Rizwan Haider (MAS),7,7,21.0,0,189,4,1/28,47.25,9,31.5,0,0,Rizwan Haider,MAS
397,G Sesay (SLE),3,3,9.0,3,45,4,3/2,11.25,5,13.5,0,0,G Sesay,SLE
398,Shah Abrar Hussain (CAM),3,3,11.5,0,74,4,2/20,18.5,6.25,17.7,0,0,Shah Abrar Hussain,CAM
399,Shahid Afridi (GER),4,4,12.0,0,106,4,3/26,26.5,8.83,18,0,0,Shahid Afridi,GER
400,Sheikh Rasik (HUN),3,3,10.0,0,67,4,3/25,16.75,6.7,15,0,0,Sheikh Rasik,HUN
401,Shunan Ali (MDV),1,1,4.0,0,24,4,4/24,6,6,6,1,0,Shunan Ali,MDV
402,IC Simao (BRA),6,6,20.0,0,126,4,2/18,31.5,6.3,30,0,0,IC Simao,BRA
403,R Thapliyal (BEL),1,1,4.0,0,35,4,4/35,8.75,8.75,6,1,0,R Thapliyal,BEL
404,J Theron (USA),3,3,10.0,0,78,4,2/10,19.5,7.8,15,0,0,J Theron,USA
405,C Udekwe (NGA),5,5,17.0,0,140,4,2/43,35,8.23,25.5,0,0,C Udekwe,NGA
406,Umran Malik (IND),2,2,6.1,0,36,4,2/9,9,5.83,9.2,0,0,Umran Malik,IND
407,S Vaz (POR),1,1,4.0,0,22,4,4/22,5.5,5.5,6,1,0,S Vaz,POR
408,DKD Warnakulasuriya (ITA),2,2,7.0,0,47,4,3/30,11.75,6.71,10.5,0,0,DKD Warnakulasuriya,ITA
409,MRJ Watt (SCOT),5,5,19.0,0,144,4,2/22,36,7.57,28.5,0,0,MRJ Watt,SCOT
410,ST Yalimaiwai (Fiji),3,3,10.0,1,60,4,2/11,15,6,15,0,0,ST Yalimaiwai,Fiji
411,Zulqarnain Haider (ESP),4,4,12.0,0,69,4,2/26,17.25,5.75,18,0,0,Zulqarnain Haider,ESP
412,Afif Hossain (BAN),2,2,5.0,0,26,3,3/11,8.66,5.2,10,0,0,Afif Hossain,BAN
413,Ahmed Daniyal (PAK),2,2,7.0,0,39,3,2/23,13,5.57,14,0,0,Ahmed Daniyal,PAK
414,C Alexander (Falk),1,1,4.0,0,18,3,3/18,6,4.5,8,0,0,C Alexander,Falk
415,MM Ali (ENG),5,5,11.0,0,101,3,2/26,33.66,9.18,22,0,0,MM Ali,ENG
416,Ammar Khalid (CAN),1,1,4.0,1,38,3,3/38,12.66,9.5,8,0,0,Ammar Khalid,CAN
417,MP Ainsworth (HUN),3,3,9.4,0,65,3,2/17,21.66,6.72,19.3,0,0,MP Ainsworth,HUN
418,R Baaleri (GHA),2,2,7.0,0,77,3,3/55,25.66,11,14,0,0,R Baaleri,GHA
419,R Bakum (GHA),3,3,8.0,0,55,3,3/29,18.33,6.87,16,0,0,R Bakum,GHA
420,LS Barkania (TAN),2,2,6.0,0,30,3,2/23,10,5,12,0,0,LS Barkania,TAN
421,MY Bawa (PAN),1,1,4.0,0,20,3,3/20,6.66,5,8,0,0,MY Bawa,PAN
422,JT Brassell (NAM),2,2,6.3,0,67,3,2/45,22.33,10.3,13,0,0,JT Brassell,NAM
423,Z Burgess (BER),5,5,13.0,0,75,3,2/12,25,5.76,26,0,0,Z Burgess,BER
424,J Butler (IOM),2,2,6.0,0,56,3,2/29,18.66,9.33,12,0,0,J Butler,IOM
425,YS Chahal (IND),5,5,13.1,1,109,3,1/4,36.33,8.27,26.3,0,0,YS Chahal,IND
426,RL Chase (WI),7,7,18.0,1,159,3,1/8,53,8.83,36,0,0,RL Chase,WI
427,Chen Zhuo Yue (CHN),8,8,20.1,2,164,3,3/7,54.66,8.13,40.3,0,0,Chen Zhuo Yue,CHN
428,M Choamba (MWI),4,4,11.0,0,71,3,2/21,23.66,6.45,22,0,0,M Choamba,MWI
429,F Clarke (IOM),3,3,9.0,0,58,3,2/14,19.33,6.44,18,0,0,F Clarke,IOM
430,C Connolly (AUS),4,4,13.0,0,126,3,1/24,42,9.69,26,0,0,C Connolly,AUS
431,BJ Currie (SCOT),3,3,11.0,0,63,3,2/12,21,5.72,22,0,0,BJ Currie,SCOT
432,N Davidovic (CRT),1,1,4.0,0,22,3,3/22,7.33,5.5,8,0,0,N Davidovic,CRT
433,A Desai (USA),2,2,5.0,0,30,3,2/27,10,6,10,0,0,A Desai,USA
434,MT Diaby (Mali),3,3,3.2,0,30,3,2/6,10,9,6.6,0,0,MT Diaby,Mali
435,J Drysdale (USA),4,4,10.0,0,100,3,2/37,33.33,10,20,0,0,J Drysdale,USA
436,JN Frylinck (NAM),3,3,11.2,0,79,3,2/25,26.33,6.97,22.6,0,0,JN Frylinck,NAM
437,AA Gajic (SRB),6,6,16.0,1,164,3,1/7,54.66,10.25,32,0,0,AA Gajic,SRB
438,JOA Gordon (CAN),1,1,4.0,0,36,3,3/36,12,9,8,0,0,JOA Gordon,CAN
439,NA Greenwood (JER),5,5,17.4,0,112,3,2/10,37.33,6.33,35.3,0,0,NA Greenwood,JER
440,Gulsan Jha (NEP),10,10,25.0,0,190,3,1/11,63.33,7.6,50,0,0,Gulsan Jha,NEP
441,M Gunasekara (CYP),3,3,9.0,1,81,3,3/20,27,9,18,0,0,M Gunasekara,CYP
442,F Hand (IRE),1,1,4.0,0,18,3,3/18,6,4.5,8,0,0,F Hand,IRE
443,Harshit Rana (IND),3,3,10.0,1,114,3,1/25,38,11.4,20,0,0,Harshit Rana,IND
444,J Henry (STHEL),3,3,8.0,0,74,3,3/28,24.66,9.25,16,0,0,J Henry,STHEL
445,L Hermida (Mex),4,4,12.0,0,73,3,1/8,24.33,6.08,24,0,0,L Hermida,Mex
446,Ibrahim Hassan (MDV),3,3,10.0,0,102,3,2/38,34,10.2,20,0,0,Ibrahim Hassan,MDV
447,Ibrahim Rizan (MDV),2,2,7.0,0,61,3,2/41,20.33,8.71,14,0,0,Ibrahim Rizan,MDV
448,AF Ifill (CAY),2,2,8.0,0,60,3,2/22,20,7.5,16,0,0,AF Ifill,CAY
449,Ijaz Hussain (ROM),3,3,11.0,0,67,3,2/22,22.33,6.09,22,0,0,Ijaz Hussain,ROM
450,Imran Ameer (MLT),2,2,8.0,0,52,3,2/19,17.33,6.5,16,0,0,Imran Ameer,MLT
451,RA Jadeja (IND),4,4,13.5,0,85,3,1/15,28.33,6.14,27.6,0,0,RA Jadeja,IND
452,D Jakiel (MWI),3,3,9.0,0,65,3,2/24,21.66,7.22,18,0,0,D Jakiel,MWI
453,Jaskaran Singh (CAN),3,3,7.5,0,85,3,1/10,28.33,10.85,15.6,0,0,Jaskaran Singh,CAN
454,Javid Patel (Zamb),5,5,16.0,0,108,3,2/11,36,6.75,32,0,0,Javid Patel,Zamb
455,B Jerkovic (CRT),1,1,3.0,0,19,3,3/19,6.33,6.33,6,0,0,B Jerkovic,CRT
456,Jitesh Patel (MLT),4,4,14.4,0,117,3,1/29,39,7.97,29.3,0,0,Jitesh Patel,MLT
457,D Johnson (CAY),5,5,12.5,0,111,3,2/22,37,8.64,25.6,0,0,D Johnson,CAY
458,LM Jongwe (ZIM),3,3,8.0,0,104,3,2/32,34.66,13,16,0,0,LM Jongwe,ZIM
459,CJ Jordan (ENG),4,4,14.0,0,150,3,1/24,50,10.71,28,0,0,CJ Jordan,ENG
460,C Karunaratne (SL),4,4,14.5,0,136,3,2/27,45.33,9.16,29.6,0,0,C Karunaratne,SL
461,Kashif Daud (UAE),3,3,7.0,0,41,3,1/7,13.66,5.85,14,0,0,Kashif Daud,UAE
462,H Lakov (BUL),2,2,7.0,0,87,3,2/32,29,12.42,14,0,0,H Lakov,BUL
463,B Lewis (Blz),2,2,7.0,0,37,3,2/21,12.33,5.28,14,0,0,B Lewis,Blz
464,H Lin Oo (MYAN),3,3,6.0,0,55,3,3/19,18.33,9.16,12,0,0,H Lin Oo,MYAN
465,KK Lin Thu (MYAN),7,7,18.0,0,105,3,2/16,35,5.83,36,0,0,KK Lin Thu,MYAN
466,Luca Petre (ROM),2,2,6.5,0,48,3,2/33,16,7.02,13.6,0,0,Luca Petre,ROM
467,SSB Magala (SA),1,1,2.0,0,21,3,3/21,7,10.5,4,0,0,SSB Magala,SA
468,P Malav (LUX),5,5,16.0,0,134,3,2/30,44.66,8.37,32,0,0,P Malav,LUX
469,TT Maposa (ZIM),3,3,9.0,0,107,3,1/20,35.66,11.88,18,0,0,TT Maposa,ZIM
470,D Marks (MLT),3,3,12.0,0,103,3,3/31,34.33,8.58,24,0,0,D Marks,MLT
471,B Mavuta (ZIM),1,1,4.0,1,10,3,3/10,3.33,2.5,8,0,0,B Mavuta,ZIM
472,GJ Maxwell (AUS),5,5,9.1,0,129,3,2/14,43,14.07,18.3,0,0,GJ Maxwell,AUS
473,SA Mohandas (HUN),2,2,6.0,0,44,3,3/26,14.66,7.33,12,0,0,SA Mohandas,HUN
474,Mosaddek Hossain (BAN),2,2,8.0,0,56,3,2/34,18.66,7,16,0,0,Mosaddek Hossain,BAN
475,Muhammad Burhan (HUN),2,2,6.0,0,56,3,2/16,18.66,9.33,12,0,0,Muhammad Burhan,HUN
476,Muhammad Salman (BHR),2,2,5.0,0,37,3,3/25,12.33,7.4,10,0,0,Muhammad Salman,BHR
477,Muhammad Saqib (KSA),2,2,5.4,0,32,3,2/17,10.66,5.64,11.3,0,0,Muhammad Saqib,KSA
478,Muhammed Turkmen (TKY),3,3,8.0,0,45,3,3/7,15,5.62,16,0,0,Muhammed Turkmen,TKY
479,CT Mumba (ZIM),5,5,10.0,0,74,3,1/11,24.66,7.4,20,0,0,CT Mumba,ZIM
480,GBW Munaweera (QAT),3,3,10.0,0,99,3,1/24,33,9.9,20,0,0,GBW Munaweera,QAT
481,LJ Myott (PHI),3,3,10.3,0,74,3,1/17,24.66,7.04,21,0,0,LJ Myott,PHI
482,Nadeem Khan (OMA),3,3,11.0,0,75,3,2/19,25,6.81,22,0,0,Nadeem Khan,OMA
483,N Nuntarach (THA),5,5,15.0,0,113,3,3/25,37.66,7.53,30,0,0,N Nuntarach,THA
484,E Ochieng (KENYA),2,2,6.0,0,41,3,2/28,13.66,6.83,12,0,0,E Ochieng,KENYA
485,NN Odhiambo (KENYA),2,2,5.0,0,37,3,2/19,12.33,7.4,10,0,0,NN Odhiambo,KENYA
486,BA Pai (GIBR),4,4,14.0,0,118,3,2/38,39.33,8.42,28,0,0,BA Pai,GIBR
487,Parveen Kumar (CAN),1,1,4.0,0,9,3,3/9,3,2.25,8,0,0,Parveen Kumar,CAN
488,AL Phehlukwayo (SA),1,1,3.0,0,39,3,3/39,13,13,6,0,0,AL Phehlukwayo,SA
489,LW Potthoff (CRT),1,1,3.0,0,18,3,3/18,6,6,6,0,0,LW Potthoff,CRT
490,Pratis GC (NEP),2,2,8.0,1,47,3,3/13,15.66,5.87,16,0,0,Pratis GC,NEP
491,Pyae Phyo Wai (MYAN),4,4,9.0,0,83,3,2/37,27.66,9.22,18,0,0,Pyae Phyo Wai,MYAN
492,NT Rajendran (KUW),3,3,12.0,0,85,3,2/40,28.33,7.08,24,0,0,NT Rajendran,KUW
493,KC Ramamoorthy (INA),2,2,7.5,0,46,3,3/17,15.33,5.87,15.6,0,0,KC Ramamoorthy,INA
494,Rashid Khan (AFG),5,5,17.0,0,124,3,2/29,41.33,7.29,34,0,0,Rashid Khan,AFG
495,S Ravichandran (JPN),5,5,15.5,0,57,3,1/9,19,3.6,31.6,0,0,S Ravichandran,JPN
496,A Reyes (GIBR),4,4,9.0,0,87,3,2/10,29,9.66,18,0,0,A Reyes,GIBR
497,JA Richardson (AUS),2,2,8.0,0,64,3,3/26,21.33,8,16,0,0,JA Richardson,AUS
498,EB Ringera (KENYA),5,5,12.0,0,73,3,3/15,24.33,6.08,24,0,0,EB Ringera,KENYA
499,CB Roposo (MOZ),3,3,10.0,0,69,3,2/30,23,6.9,20,0,0,CB Roposo,MOZ
500,L Rossi (Arg),1,1,4.0,1,8,3,3/8,2.66,2,8,0,0,L Rossi,Arg
501,R Sakurano-Thomas (JPN),5,5,10.0,0,61,3,1/3,20.33,6.1,20,0,0,R Sakurano-Thomas,JPN
502,Samader Shadab (GRC),3,3,8.0,0,85,3,2/36,28.33,10.62,16,0,0,Samader Shadab,GRC
503,Samiullah Rahmani (SWE),2,2,8.0,0,44,3,2/17,14.66,5.5,16,0,0,Samiullah Rahmani,SWE
504,T Sandaruwan (ROM),2,2,8.0,0,70,3,3/23,23.33,8.75,16,0,0,T Sandaruwan,ROM
505,Sarfaraz Ali (BHR),4,4,14.0,0,123,3,1/13,41,8.78,28,0,0,Sarfaraz Ali,BHR
506,Sarfraz Rao (Falk),2,2,4.0,0,22,3,3/18,7.33,5.5,8,0,0,Sarfraz Rao,Falk
507,K Senamontree (THA),5,5,16.0,0,107,3,2/11,35.66,6.68,32,0,0,K Senamontree,THA
508,Shahnawaz Dahani (PAK),3,3,11.2,0,137,3,2/37,45.66,12.08,22.6,0,0,Shahnawaz Dahani,PAK
509,Shakeel Zeb (DEN),2,2,6.3,0,45,3,3/14,15,6.92,13,0,0,Shakeel Zeb,DEN
510,RR Sharan (CAM),5,5,14.5,0,141,3,1/14,47,9.5,29.6,0,0,RR Sharan,CAM
511,Shiraz Khan (KUW),2,2,8.0,0,76,3,2/41,25.33,9.5,16,0,0,Shiraz Khan,KUW
512,Shoriful Islam (BAN),4,4,13.4,0,102,3,2/17,34,7.46,27.3,0,0,Shoriful Islam,BAN
513,LA Simango (MOZ),3,3,7.2,0,46,3,1/12,15.33,6.27,14.6,0,0,LA Simango,MOZ
514,R Siriwardena (CYP),2,2,6.0,0,60,3,2/39,20,10,12,0,0,R Siriwardena,CYP
515,G Smith (CAY),2,2,8.0,0,54,3,2/18,18,6.75,16,0,0,G Smith,CAY
516,CB Sole (SCOT),3,3,10.1,0,92,3,1/23,30.66,9.04,20.3,0,0,CB Sole,SCOT
517,LI Salomone (MOZ),2,2,8.0,1,59,3,2/33,19.66,7.37,16,0,0,LI Salomone,MOZ
518,D St Ange (),3,3,9.0,0,45,3,2/10,15,5,18,0,0,D St Ange,
519,BS Stephenson (Blz),1,1,4.0,0,16,3,3/16,5.33,4,8,0,0,BS Stephenson,Blz
520,Sulaiman Ali (BUL),3,3,7.0,0,73,3,1/16,24.33,10.42,14,0,0,Sulaiman Ali,BUL
521,Syed Aqeel Israr (GHA),3,3,8.3,0,54,3,2/20,18,6.35,17,0,0,Syed Aqeel Israr,GHA
522,Tashi Phuntsho (BHU),2,2,5.0,0,26,3,3/10,8.66,5.2,10,0,0,Tashi Phuntsho,BHU
523,M Taylor (BHM),4,4,14.5,0,123,3,2/30,41,8.29,29.6,0,0,M Taylor,BHM
524,Tejwinder Singh (CYP),2,2,8.0,0,65,3,2/23,21.66,8.12,16,0,0,Tejwinder Singh,CYP
525,MK Thakur (THA),2,2,7.0,0,45,3,2/12,15,6.42,14,0,0,MK Thakur,THA
526,TG Thamae (LES),1,1,4.0,0,23,3,3/23,7.66,5.75,8,0,0,TG Thamae,LES
527,SF Tiai (Samoa),3,3,10.0,0,55,3,2/13,18.33,5.5,20,0,0,SF Tiai,Samoa
528,T Tumursukh (MNG),2,2,8.0,0,54,3,2/31,18,6.75,16,0,0,T Tumursukh,MNG
529,JL Tutty (COK),2,2,8.0,0,38,3,2/17,12.66,4.75,16,0,0,JL Tutty,COK
530,HER Tyler (PHI),1,1,4.0,0,40,3,3/40,13.33,10,8,0,0,HER Tyler,PHI
531,NL Ujawe (SVN),3,3,8.0,0,50,3,2/12,16.66,6.25,16,0,0,NL Ujawe,SVN
532,Vishil Patel (KENYA),1,1,4.0,1,6,3,3/6,2,1.5,8,0,0,Vishil Patel,KENYA
533,Waseeq Ahmed (BHR),6,6,17.2,0,89,3,2/22,29.66,5.13,34.6,0,0,Waseeq Ahmed,BHR
534,DG Weakley (BHM),3,3,9.0,0,79,3,2/22,26.33,8.77,18,0,0,DG Weakley,BHM
535,S Wickramasekara (CZK-R),5,5,18.4,0,142,3,1/21,47.33,7.6,37.3,0,0,S Wickramasekara,CZK-R
536,L Wood (ENG),1,1,4.0,0,24,3,3/24,8,6,8,0,0,L Wood,ENG
537,Yasir Ali (ESP),3,3,8.0,1,48,3,3/8,16,6,16,0,0,Yasir Ali,ESP
538,Zahid Ali (UAE),2,2,7.0,0,59,3,2/27,19.66,8.42,14,0,0,Zahid Ali,UAE
539,Zaman Khan (PAK),3,3,8.0,0,69,3,1/4,23,8.62,16,0,0,Zaman Khan,PAK
540,A Zampa (AUS),3,3,10.0,0,96,3,3/16,32,9.6,20,0,0,A Zampa,AUS
541,Zeeshan Kukikhel (HUN),2,2,8.0,0,73,3,2/34,24.33,9.12,16,0,0,Zeeshan Kukikhel,HUN
542,Zeeshan Maqsood (OMA),3,3,10.0,0,65,3,1/16,21.66,6.5,20,0,0,Zeeshan Maqsood,OMA
543,Ziaur Rahman (AFG),2,2,8.0,0,79,3,3/36,26.33,9.87,16,0,0,Ziaur Rahman,AFG
544,NP Kenjige (USA),3,3,10.0,0,74,2,1/19,37,7.4,30,0,0,NP Kenjige,USA
545,Aamir Kaleem (OMA),3,3,7.0,0,68,2,2/28,34,9.71,21,0,0,Aamir Kaleem,OMA
546,Abbas Afridi (PAK),1,1,4.0,0,43,2,2/43,21.5,10.75,12,0,0,Abbas Afridi,PAK
547,M Aboagye (GHA),1,1,4.0,0,30,2,2/30,15,7.5,12,0,0,M Aboagye,GHA
548,AG Achar (SGP),2,2,6.0,0,55,2,1/27,27.5,9.16,18,0,0,AG Achar,SGP
549,BP Adapaka (HUN),1,1,4.0,0,40,2,2/40,20,10,12,0,0,BP Adapaka,HUN
550,Aditya Panwar (EST),2,2,6.0,1,63,2,2/26,31.5,10.5,18,0,0,Aditya Panwar,EST
551,Adnan Mirza (QAT),2,2,6.0,0,41,2,1/15,20.5,6.83,18,0,0,Adnan Mirza,QAT
552,Khalid Zahid (SWE),3,3,8.0,0,43,2,1/11,21.5,5.37,24,0,0,Khalid Zahid,SWE
553,P Aho (NGA),2,2,6.0,0,33,2,2/17,16.5,5.5,18,0,0,P Aho,NGA
554,Akhil Anil (TAN),2,2,6.0,0,52,2,1/13,26,8.66,18,0,0,Akhil Anil,TAN
555,Ali Sheikh (USA),1,1,4.0,0,34,2,2/34,17,8.5,12,0,0,Ali Sheikh,USA
556,Ameel Mauroof (MDV),2,2,6.0,0,39,2,1/10,19.5,6.5,18,0,0,Ameel Mauroof,MDV
557,Amir Butt (Mex),1,1,2.0,0,11,2,2/11,5.5,5.5,6,0,0,Amir Butt,Mex
558,Arafat Minhas (PAK),1,1,3.0,0,11,2,2/11,5.5,3.66,9,0,0,Arafat Minhas,PAK
559,Arshdeep Singh (IND),2,2,4.0,0,20,2,1/7,10,5,12,0,0,Arshdeep Singh,IND
560,IKEG Artawan (INA),2,2,5.0,0,32,2,1/15,16,6.4,15,0,0,IKEG Artawan,INA
561,Asad Ali Rehemtulla (BUL),2,2,6.0,0,34,2,2/25,17,5.66,18,0,0,Asad Ali Rehemtulla,BUL
562,RD Atangana (CAM),5,5,12.2,0,64,2,2/14,32,5.18,37,0,0,RD Atangana,CAM
563,Ateeq Iqbal (HKG),2,2,6.4,1,28,2,2/10,14,4.2,20,0,0,Ateeq Iqbal,HKG
564,Ayaan Khan (OMA),2,2,7.0,0,41,2,2/16,20.5,5.85,21,0,0,Ayaan Khan,OMA
565,Azyan Farhath (MDV),1,1,1.2,0,11,2,2/11,5.5,8.25,4,0,0,Azyan Farhath,MDV
566,G Bakiweyem (GHA),1,1,2.2,0,9,2,2/9,4.5,3.85,7,0,0,G Bakiweyem,GHA
567,B Balala (MWI),5,5,8.2,0,65,2,1/9,32.5,7.8,25,0,0,B Balala,MWI
568,JW Batinibulu (Fiji),2,2,7.3,0,66,2,1/23,33,8.8,22.5,0,0,JW Batinibulu,Fiji
569,BJ Bennett (ZIM),2,2,4.0,1,32,2,2/20,16,8,12,0,0,BJ Bennett,ZIM
570,A Beresford-Peirse (CRT),1,1,4.0,0,30,2,2/30,15,7.5,12,0,0,A Beresford-Peirse,CRT
571,H Bharadwaj (SGP),3,3,11.0,0,65,2,2/16,32.5,5.9,33,0,0,H Bharadwaj,SGP
572,Bilal Masud (EST),2,2,7.1,0,37,2,1/16,18.5,5.16,21.5,0,0,Bilal Masud,EST
573,ML Bojang (GMB),2,2,7.0,0,38,2,1/14,19,5.42,21,0,0,ML Bojang,GMB
574,Bukhar Illikkal (QAT),4,4,11.0,0,79,2,1/8,39.5,7.18,33,0,0,Bukhar Illikkal,QAT
575,DE Burgess (Samoa),1,1,3.0,0,14,2,2/14,7,4.66,9,0,0,DE Burgess,Samoa
576,K Cawte (IOM),2,2,7.0,0,72,2,2/23,36,10.28,21,0,0,K Cawte,IOM
577,C Chatphaisan (THA),3,3,5.0,0,34,2,1/5,17,6.8,15,0,0,C Chatphaisan,THA
578,F Damiao Couana (MOZ),2,2,7.0,1,54,2,1/10,27,7.71,21,0,0,F Damiao Couana,MOZ
579,YP Dayal (Sur),3,3,8.1,0,70,2,2/15,35,8.57,24.5,0,0,YP Dayal,Sur
580,GJ Delany (IRE),2,2,6.0,0,42,2,2/8,21,7,18,0,0,GJ Delany,IRE
581,L Denny (COK),2,2,5.0,0,47,2,2/31,23.5,9.4,15,0,0,L Denny,COK
582,DM de Silva (SL),2,2,2.5,0,16,2,1/2,8,5.64,8.5,0,0,DM de Silva,SL
583,S Desungnoen (THA),3,3,9.0,0,68,2,2/32,34,7.55,27,0,0,S Desungnoen,THA
584,JI de Villiers (NAM),1,1,4.0,1,19,2,2/19,9.5,4.75,12,0,0,JI de Villiers,NAM
585,KK Dobell (JPN),1,1,3.0,0,15,2,2/15,7.5,5,9,0,0,KK Dobell,JPN
586,A Donovan (PHI),5,5,10.0,0,53,2,1/6,26.5,5.3,30,0,0,A Donovan,PHI
587,DC Drakes (WI),2,2,7.0,0,57,2,1/24,28.5,8.14,21,0,0,DC Drakes,WI
588,ROC Dunka (CAY),3,3,10.0,0,71,2,1/23,35.5,7.1,30,0,0,ROC Dunka,CAY
589,Ebadot Hossain (BAN),1,1,4.0,0,40,2,2/40,20,10,12,0,0,Ebadot Hossain,BAN
590,R Edwards (CAY),2,2,6.0,0,43,2,2/35,21.5,7.16,18,0,0,R Edwards,CAY
591,L Erdenebulgan (MNG),2,2,8.0,0,88,2,1/41,44,11,24,0,0,L Erdenebulgan,MNG
592,EF Faalupega (Samoa),1,1,4.0,0,24,2,2/24,12,6,12,0,0,EF Faalupega,Samoa
593,MTM Faatea (Samoa),2,2,6.0,0,45,2,2/23,22.5,7.5,18,0,0,MTM Faatea,Samoa
594,Fanyan Mughal (MLT),3,3,6.0,0,48,2,1/15,24,8,18,0,0,Fanyan Mughal,MLT
595,AM Fernando (SL),2,2,6.0,0,62,2,1/11,31,10.33,18,0,0,AM Fernando,SL
596,B Fernando (SL),4,4,14.0,0,120,2,1/33,60,8.57,42,0,0,B Fernando,SL
597,JA Fitzgerald (GIBR),3,3,8.0,0,58,2,1/18,29,7.25,24,0,0,JA Fitzgerald,GIBR
598,BC Fortuin (SA),1,1,4.0,0,36,2,2/36,18,9,12,0,0,BC Fortuin,SA
599,LM Gabriel (LES),6,6,16.0,0,144,2,1/26,72,9,48,0,0,LM Gabriel,LES
600,Gagandeep Singh (BUL),3,3,7.0,0,61,2,2/11,30.5,8.71,21,0,0,Gagandeep Singh,BUL
601,Ghulam Abbas Butt (FIN),2,2,6.0,3,15,2,1/3,7.5,2.5,18,0,0,Ghulam Abbas Butt,FIN
602,NT Gireesh (CAM),1,1,4.0,0,29,2,2/29,14.5,7.25,12,0,0,NT Gireesh,CAM
603,M Gogev (BUL),4,4,13.0,0,127,2,1/30,63.5,9.76,39,0,0,M Gogev,BUL
604,S Gooch (EST),1,1,4.0,0,26,2,2/26,13,6.5,12,0,0,S Gooch,EST
605,A Gupta (NOR),2,2,7.0,1,52,2,2/18,26,7.42,21,0,0,A Gupta,NOR
606,Hamza Dar (ESP),2,2,3.0,0,26,2,1/7,13,8.66,9,0,0,Hamza Dar,ESP
607,K Hinds (BHM),3,3,12.0,1,60,2,1/17,30,5,36,0,0,K Hinds,BHM
608,Ibrahim Nashath (MDV),1,1,4.0,0,23,2,2/23,11.5,5.75,12,0,0,Ibrahim Nashath,MDV
609,Izaz Ali (SVN),3,3,9.0,1,79,2,1/11,39.5,8.77,27,0,0,Izaz Ali,SVN
610,Imtiaz Khan (KSA),2,2,5.0,0,54,2,1/13,27,10.8,15,0,0,Imtiaz Khan,KSA
611,VR Iyer (IND),1,1,2.1,0,23,2,2/23,11.5,10.61,6.5,0,0,VR Iyer,IND
612,WG Jacks (ENG),5,5,11.0,0,124,2,1/24,62,11.27,33,0,0,WG Jacks,ENG
613,CK Jasmat (Samoa),4,4,11.0,0,68,2,1/17,34,6.18,33,0,0,CK Jasmat,Samoa
614,Jaweed Sadran (AUT),5,5,17.4,0,141,2,1/17,70.5,7.98,53,0,0,Jaweed Sadran,AUT
615,Jonte Smith (BER),2,2,6.0,0,46,2,1/8,23,7.66,18,0,0,Jonte Smith,BER
616,Junaid Khan (POR),2,2,6.0,0,36,2,1/9,18,6,18,0,0,Junaid Khan,POR
617,Junaid Khan (FIN),1,1,4.0,0,15,2,2/15,7.5,3.75,12,0,0,Junaid Khan,FIN
618,M Kadyan (BUL),1,1,3.0,0,20,2,2/20,10,6.66,9,0,0,M Kadyan,BUL
619,NA Karnik (SGP),1,1,4.0,0,31,2,2/31,15.5,7.75,12,0,0,NA Karnik,SGP
620,B Kgosiemang (BOT),1,1,3.0,0,22,2,2/22,11,7.33,9,0,0,B Kgosiemang,BOT
621,B Khumalo (BOT),5,5,7.5,1,41,2,1/3,20.5,5.23,23.5,0,0,B Khumalo,BOT
622,P Kotoisuva (Fiji),1,1,3.0,0,24,2,2/24,12,8,9,0,0,P Kotoisuva,Fiji
623,M Kpaka (SLE),1,1,4.0,0,21,2,2/21,10.5,5.25,12,0,0,M Kpaka,SLE
624,N Krishna (SEY),2,2,3.1,0,30,2,1/0,15,9.47,9.5,0,0,N Krishna,SEY
625,P Kumbhare (JPN),3,3,9.0,1,41,2,1/10,20.5,4.55,27,0,0,P Kumbhare,JPN
626,B Leo (STHEL),1,1,4.0,0,32,2,2/32,16,8,12,0,0,B Leo,STHEL
627,TM Macalou (Mali),4,4,8.0,0,67,2,2/28,33.5,8.37,24,0,0,TM Macalou,Mali
628,D Madushanka (SL),1,1,4.0,0,36,2,2/36,18,9,12,0,0,D Madushanka,SL
629,S Mahmood (ENG),1,1,3.0,0,21,2,2/21,10.5,7,9,0,0,S Mahmood,ENG
630,L Makgale (BOT),2,2,3.0,0,19,2,1/5,9.5,6.33,9,0,0,L Makgale,BOT
631,E Malinga (SL),1,1,2.0,0,24,2,2/24,12,12,6,0,0,E Malinga,SL
632,KT Maphaka (SA),5,5,16.4,0,142,2,1/25,71,8.52,50,0,0,KT Maphaka,SA
633,Marcelle Hanekom (CAM),2,2,6.0,0,48,2,2/28,24,8,18,0,0,Marcelle Hanekom,CAM
634,PK Matautaava (VAN),1,1,3.0,0,26,2,2/26,13,8.66,9,0,0,PK Matautaava,VAN
635,Matiullah Khan (UAE),1,1,4.0,0,41,2,2/41,20.5,10.25,12,0,0,Matiullah Khan,UAE
636,Mohammad Shamshad Khan (SLE),2,2,3.0,0,24,2,2/4,12,8,9,0,0,Mohammad Shamshad Khan,SLE
637,I Mugisha (RWN),3,3,8.0,1,74,2,2/12,37,9.25,24,0,0,I Mugisha,RWN
638,Muhammad Amir (MAS),1,1,4.0,0,18,2,2/18,9,4.5,12,0,0,Muhammad Amir,MAS
639,Muhammad Qasim (MLT),1,1,4.0,0,29,2,2/29,14.5,7.25,12,0,0,Muhammad Qasim,MLT
640,Muhammad Saqlain (HUN),1,1,3.0,0,11,2,2/11,5.5,3.66,9,0,0,Muhammad Saqlain,HUN
641,PWA Mulder (SA),1,1,4.0,0,51,2,2/51,25.5,12.75,12,0,0,PWA Mulder,SA
642,S Murari (CRC),1,1,4.0,1,4,2,2/4,2,1,12,0,0,S Murari,CRC
643,V Nagpaul (SGP),2,2,7.0,0,48,2,2/13,24,6.85,21,0,0,V Nagpaul,SGP
644,A Nao (PNG),3,3,10.0,2,44,2,1/15,22,4.4,30,0,0,A Nao,PNG
645,Naseem Shah (PAK),2,2,8.0,0,62,2,1/26,31,7.75,24,0,0,Naseem Shah,PAK
646,K Nassoro (TAN),1,1,3.0,1,16,2,2/16,8,5.33,9,0,0,K Nassoro,TAN
647,R Nehonde (BOT),2,2,8.0,0,57,2,1/27,28.5,7.12,24,0,0,R Nehonde,BOT
648,Niv Nagavkar (ISR),1,1,3.0,0,19,2,2/19,9.5,6.33,9,0,0,Niv Nagavkar,ISR
649,I Ntirenganya (RWN),3,3,10.0,0,64,2,1/17,32,6.4,30,0,0,I Ntirenganya,RWN
650,Obed Yosef (VAN),2,2,6.0,0,43,2,2/20,21.5,7.16,18,0,0,Obed Yosef,VAN
651,NM Odhiambo (KENYA),2,2,4.0,0,45,2,1/15,22.5,11.25,12,0,0,NM Odhiambo,KENYA
652,DK Pallekonda (SVN),1,1,4.0,0,28,2,2/28,14,7,12,0,0,DK Pallekonda,SVN
653,R Parkin (EST),1,1,2.0,0,10,2,2/10,5,5,6,0,0,R Parkin,EST
654,WD Parnell (SA),1,1,4.0,0,36,2,2/36,18,9,12,0,0,WD Parnell,SA
655,Parvindar Kumar (KUW),3,3,9.0,0,54,2,1/20,27,6,27,0,0,Parvindar Kumar,KUW
656,AP Patel (CAN),1,1,4.0,1,7,2,2/7,3.5,1.75,12,0,0,AP Patel,CAN
657,NK Patel (USA),1,1,4.0,0,24,2,2/24,12,6,12,0,0,NK Patel,USA
658,RK Paudel (NEP),2,2,6.0,0,32,2,2/20,16,5.33,18,0,0,RK Paudel,NEP
659,T Perera (BOT),2,2,6.0,0,63,2,2/44,31.5,10.5,18,0,0,T Perera,BOT
660,S Pradhan (BHU),4,4,12.0,0,75,2,1/16,37.5,6.25,36,0,0,S Pradhan,BHU
661,Prashant Shukla (SWE),1,1,4.0,0,16,2,2/16,8,4,12,0,0,Prashant Shukla,SWE
662,A Prashar (HUN),1,1,3.0,0,12,2,2/12,6,4,9,0,0,A Prashar,HUN
663,TJG Pringle (NED),3,3,10.0,0,64,2,1/16,32,6.4,30,0,0,TJG Pringle,NED
664,D Ramani (CZK-R),3,3,11.0,0,84,2,1/15,42,7.63,33,0,0,D Ramani,CZK-R
665,H Rashid (SWZ),2,2,5.0,0,38,2,1/13,19,7.6,15,0,0,H Rashid,SWZ
666,D Rawat (CRC),4,4,12.0,0,90,2,2/27,45,7.5,36,0,0,D Rawat,CRC
667,Riazat Ali Shah (UGA),7,7,21.0,0,170,2,1/10,85,8.09,63,0,0,Riazat Ali Shah,UGA
668,Riaz Afridi (CZK-R),1,1,4.0,0,47,2,2/47,23.5,11.75,12,0,0,Riaz Afridi,CZK-R
669,D Robson (EST),1,1,3.5,0,32,2,2/32,16,8.34,11.5,0,0,D Robson,EST
670,C Rumistrzewicz (ESP),2,2,8.0,0,34,2,2/12,17,4.25,24,0,0,C Rumistrzewicz,ESP
671,D Sabir (BER),1,1,4.0,0,23,2,2/23,11.5,5.75,12,0,0,D Sabir,BER
672,Sadat Said (HUN),1,1,3.0,0,17,2,2/17,8.5,5.66,9,0,0,Sadat Said,HUN
673,Saghir Khan (UAE),1,1,4.0,0,24,2,2/24,12,6,12,0,0,Saghir Khan,UAE
674,E Samson (ISR),2,2,5.0,0,36,2,1/12,18,7.2,15,0,0,E Samson,ISR
675,Sandeep Goud (BHM),2,2,5.0,0,35,2,1/11,17.5,7,15,0,0,Sandeep Goud,BHM
676,Sarawut Maliwan (THA),4,4,12.4,0,95,2,1/23,47.5,7.5,38,0,0,Sarawut Maliwan,THA
677,H Satheedevi (CRT),1,1,3.0,0,26,2,2/26,13,8.66,9,0,0,H Satheedevi,CRT
678,Saud Munir (DEN),1,1,4.0,0,21,2,2/21,10.5,5.25,12,0,0,Saud Munir,DEN
679,L Shafeeg (MDV),4,4,8.0,0,84,2,1/9,42,10.5,24,0,0,L Shafeeg,MDV
680,Shahzaib (KSA),1,1,4.0,1,15,2,2/15,7.5,3.75,12,0,0,Shahzaib,KSA
681,Shahzeb Choudhry (SWE),1,1,4.0,0,12,2,2/12,6,3,12,0,0,Shahzeb Choudhry,SWE
682,Shamsullah Ehsan (TKY),1,1,3.0,0,32,2,2/32,16,10.66,9,0,0,Shamsullah Ehsan,TKY
683,DK Shetty (INA),3,3,7.0,0,51,2,2/20,25.5,7.28,21,0,0,DK Shetty,INA
684,HB Shipley (NZ),3,3,10.0,0,102,2,1/25,51,10.2,30,0,0,HB Shipley,NZ
685,Shoaib Ahmed (CYP),1,1,4.0,0,21,2,2/21,10.5,5.25,12,0,0,Shoaib Ahmed,CYP
686,A Simelane (SA),2,2,7.0,0,64,2,1/20,32,9.14,21,0,0,A Simelane,SA
687,RR Simmonds (WI),3,3,10.0,0,90,2,1/26,45,9,30,0,0,RR Simmonds,WI
688,DC Smith (PHI),2,2,6.0,0,31,2,2/17,15.5,5.16,18,0,0,DC Smith,PHI
689,Sohail Ahmad (CRT),2,2,5.0,0,77,2,2/63,38.5,15.4,15,0,0,Sohail Ahmad,CRT
690,Suhail Sattar (TLS),2,2,5.0,0,44,2,2/33,22,8.8,15,0,0,Suhail Sattar,TLS
691,S Sola (Samoa),1,1,4.0,1,20,2,2/20,10,5,12,0,0,S Sola,Samoa
692,G Stewart (ITA),1,1,4.0,0,51,2,2/51,25.5,12.75,12,0,0,G Stewart,ITA
693,S Sugaya-Slater (JPN),1,1,4.0,0,22,2,2/22,11,5.5,12,0,0,S Sugaya-Slater,JPN
694,Sukhjinder Singh (CAN),3,3,9.0,1,39,2,2/3,19.5,4.33,27,0,0,Sukhjinder Singh,CAN
695,Surya Anand (DEN),3,3,9.0,0,52,2,1/12,26,5.77,27,0,0,Surya Anand,DEN
696,M Swack (CAY),2,2,8.0,0,37,2,2/12,18.5,4.62,24,0,0,M Swack,CAY
697,R Swart (BOT),1,1,2.5,0,9,2,2/9,4.5,3.17,8.5,0,0,R Swart,BOT
698,Taranjit Singh (CYP),2,2,7.0,1,31,2,2/7,15.5,4.42,21,0,0,Taranjit Singh,CYP
699,GT Taylor (BHM),4,4,9.0,0,72,2,2/28,36,8,27,0,0,GT Taylor,BHM
700,C Tchale (MWI),5,5,16.0,0,149,2,1/14,74.5,9.31,48,0,0,C Tchale,MWI
701,VP Thamotharam (MLT),3,3,7.4,0,66,2,1/15,33,8.6,23,0,0,VP Thamotharam,MLT
702,BM Tickner (NZ),1,1,4.0,0,42,2,2/42,21,10.5,12,0,0,BM Tickner,NZ
703,OSB Tilley (CRT),2,2,7.0,0,84,2,1/40,42,12,21,0,0,OSB Tilley,CRT
704,Usman Arif (NOR),2,2,3.0,0,28,2,2/13,14,9.33,9,0,0,Usman Arif,NOR
705,T van der Gugten (NED),1,1,3.0,0,29,2,2/29,14.5,9.66,9,0,0,T van der Gugten,NED
706,S Vasilakis (GRC),1,1,2.0,0,9,2,2/9,4.5,4.5,6,0,0,S Vasilakis,GRC
707,JM Vujnovich (CRT),1,1,4.0,0,30,2,2/30,15,7.5,12,0,0,JM Vujnovich,CRT
708,ZXM Vukusic (CRT),2,2,4.3,0,42,2,1/17,21,9.33,13.5,0,0,ZXM Vukusic,CRT
709,B Ward (JER),3,3,11.0,0,74,2,1/20,37,6.72,33,0,0,B Ward,JER
710,BTJ Wheal (SCOT),3,3,10.0,0,103,2,1/23,51.5,10.3,30,0,0,BTJ Wheal,SCOT
711,DJ Willey (ENG),2,2,4.5,0,34,2,2/22,17,7.03,14.5,0,0,DJ Willey,ENG
712,LB Williams (SA),2,2,6.1,0,83,2,2/21,41.5,13.45,18.5,0,0,LB Williams,SA
713,CR Woakes (ENG),2,2,4.0,0,40,2,1/15,20,10,12,0,0,CR Woakes,ENG
714,Zong Yuechao (CHN),1,1,4.0,0,19,2,2/19,9.5,4.75,12,0,0,Zong Yuechao,CHN
715,Abdullah Rana (SUI),1,1,2.0,0,23,1,1/23,23,11.5,12,0,0,Abdullah Rana,SUI
716,Abdul Bashir (GER),1,1,2.0,0,28,1,1/28,28,14,12,0,0,Abdul Bashir,GER
717,Adil Butt (SWZ),1,1,3.0,0,34,1,1/34,34,11.33,18,0,0,Adil Butt,SWZ
718,Afif Khattak (SUI),1,1,3.0,0,23,1,1/23,23,7.66,18,0,0,Afif Khattak,SUI
719,Aftab Hussain (HKG),1,1,4.0,0,23,1,1/23,23,5.75,24,0,0,Aftab Hussain,HKG
720,Salman Agha (PAK),1,1,3.0,0,19,1,1/19,19,6.33,18,0,0,Salman Agha,PAK
721,Ahmad Khalid Ahmadzai (BEL),1,1,4.0,0,33,1,1/33,33,8.25,24,0,0,Ahmad Khalid Ahmadzai,BEL
722,Ahmed Khan (HUN),1,1,4.0,0,27,1,1/27,27,6.75,24,0,0,Ahmed Khan,HUN
723,Ahsan Khan (BUL),1,1,2.0,0,10,1,1/10,10,5,12,0,0,Ahsan Khan,BUL
724,Akhil Arjunan (FIN),2,2,7.0,0,60,1,1/29,60,8.57,42,0,0,Akhil Arjunan,FIN
725,Alam Nakash (SKOR),3,3,10.0,0,70,1,1/22,70,7,60,0,0,Alam Nakash,SKOR
726,J Albin (BUL),1,1,2.0,0,19,1,1/19,19,9.5,12,0,0,J Albin,BUL
727,Ali Hasan (ITA),1,1,4.0,0,12,1,1/12,12,3,24,0,0,Ali Hasan,ITA
728,Ali Khan (USA),2,2,6.0,0,48,1,1/30,48,8,36,0,0,Ali Khan,USA
729,A Amado (ISR),1,1,1.0,0,8,1,1/8,8,8,6,0,0,A Amado,ISR
730,Amal Jacob (HUN),4,4,15.0,0,115,1,1/32,115,7.66,90,0,0,Amal Jacob,HUN
731,Ameer Saiyed (BOT),1,1,3.4,0,31,1,1/31,31,8.45,22,0,0,Ameer Saiyed,BOT
732,VRB Arachchige (MLT),2,2,7.0,0,71,1,1/43,71,10.14,42,0,0,VRB Arachchige,MLT
733,B Arends (Falk),1,1,4.0,0,31,1,1/31,31,7.75,24,0,0,B Arends,Falk
734,U Aryaman Sunil (SGP),1,1,4.0,0,20,1,1/20,20,5,24,0,0,U Aryaman Sunil,SGP
735,Imran Asif (AUT),1,1,3.0,0,31,1,1/31,31,10.33,18,0,0,Imran Asif,AUT
736,Asif Bevinje (ROM),2,2,5.5,0,33,1,1/6,33,5.65,35,0,0,Asif Bevinje,ROM
737,Aslam Mohammad (GRC),3,3,7.1,0,61,1,1/26,61,8.51,43,0,0,Aslam Mohammad,GRC
738,Aslan Jafri (SGP),3,3,8.0,0,98,1,1/40,98,12.25,48,0,0,Aslan Jafri,SGP
739,Assad Mehmood (POR),1,1,4.0,0,16,1,1/16,16,4,24,0,0,Assad Mehmood,POR
740,Atif-Ur-Rehman (KSA),1,1,3.0,0,9,1,1/9,9,3,18,0,0,Atif-Ur-Rehman,KSA
741,MTMMJ Ave (COK),2,2,4.0,0,35,1,1/8,35,8.75,24,0,0,MTMMJ Ave,COK
742,Avishka Iroshan (ROM),2,2,6.0,0,55,1,1/30,55,9.16,36,0,0,Avishka Iroshan,ROM
743,SKA Awiah (GHA),1,1,3.1,0,11,1,1/11,11,3.47,19,0,0,SKA Awiah,GHA
744,KS Bagabena (GHA),4,4,7.0,0,58,1,1/12,58,8.28,42,0,0,KS Bagabena,GHA
745,KA Bazil (CAY),2,2,7.0,0,50,1,1/22,50,7.14,42,0,0,KA Bazil,CAY
746,H Beresford-Peirse (CRT),1,1,3.0,0,26,1,1/26,26,8.66,18,0,0,H Beresford-Peirse,CRT
747,E Beukes (CAM),5,5,12.1,0,101,1,1/27,101,8.3,73,0,0,E Beukes,CAM
748,U Bhagwan (CAN),2,2,5.0,0,50,1,1/38,50,10,30,0,0,U Bhagwan,CAN
749,J Bulele (MOZ),1,1,4.0,0,15,1,1/15,15,3.75,24,0,0,J Bulele,MOZ
750,ML Castillo (Blz),2,2,5.0,0,28,1,1/13,28,5.6,30,0,0,ML Castillo,Blz
751,CPPM Sadun (CYP),4,4,15.0,0,105,1,1/17,105,7,90,0,0,CPPM Sadun,CYP
752,JV Chand (Zamb),1,1,4.0,0,19,1,1/19,19,4.75,24,0,0,JV Chand,Zamb
753,KDC Clarke (NZ),1,1,4.0,0,40,1,1/40,40,10,24,0,0,KDC Clarke,NZ
754,S Conteh (SLE),4,4,10.0,0,48,1,1/33,48,4.8,60,0,0,S Conteh,SLE
755,DK Dahyabhai Ahir (PAN),3,3,12.0,1,59,1,1/25,59,4.91,72,0,0,DK Dahyabhai Ahir,PAN
756,R Drake (JPN),6,6,12.5,0,103,1,1/8,103,8.02,77,0,0,R Drake,JPN
757,JT Darrell (BER),1,1,4.0,0,13,1,1/13,13,3.25,24,0,0,JT Darrell,BER
758,JH Davey (SCOT),2,2,7.0,0,80,1,1/34,80,11.42,42,0,0,JH Davey,SCOT
759,H Deshan (SUI),1,1,3.2,0,19,1,1/19,19,5.7,20,0,0,H Deshan,SUI
760,S di Bartolomeo (ITA),1,1,4.0,0,25,1,1/25,25,6.25,24,0,0,S di Bartolomeo,ITA
761,HB Dickson (COK),1,1,4.0,0,21,1,1/21,21,5.25,24,0,0,HB Dickson,COK
762,AC Douglas (BER),1,1,2.0,1,18,1,1/18,18,9,12,0,0,AC Douglas,BER
763,S Dube (IND),1,1,2.2,0,11,1,1/11,11,4.71,14,0,0,S Dube,IND
764,Elias Hasan (EST),1,1,4.0,0,47,1,1/47,47,11.75,24,0,0,Elias Hasan,EST
765,SK Gedara (SWE),2,2,4.0,0,43,1,1/22,43,10.75,24,0,0,SK Gedara,SWE
766,AM Ghazanfar (AFG),3,3,9.0,0,63,1,1/27,63,7,54,0,0,AM Ghazanfar,AFG
767,P Gheewala (EST),2,2,5.0,0,50,1,1/34,50,10,30,0,0,P Gheewala,EST
768,Ghulam Ahmadi (GER),5,5,16.0,0,157,1,1/39,157,9.81,96,0,0,Ghulam Ahmadi,GER
769,M Gouws (GIBR),1,1,4.0,0,25,1,1/25,25,6.25,24,0,0,M Gouws,GIBR
770,Hassan Khan Mohammad (HKG),1,1,4.0,0,22,1,1/22,22,5.5,24,0,0,Hassan Khan Mohammad,HKG
771,JS Henriksen (DEN),2,2,4.0,0,46,1,1/28,46,11.5,24,0,0,JS Henriksen,DEN
772,JAM Henri (POR),1,1,4.0,0,38,1,1/38,38,9.5,24,0,0,JAM Henri,POR
773,DR Hooper (GUE),1,1,4.0,0,23,1,1/23,23,5.75,24,0,0,DR Hooper,GUE
774,SJ Hughes-Pinan (ESP),1,1,4.0,0,20,1,1/20,20,5,24,0,0,SJ Hughes-Pinan,ESP
775,Ibrahim Jabarkhel (Fran),1,1,4.0,0,25,1,1/25,25,6.25,24,0,0,Ibrahim Jabarkhel,Fran
776,Ikramullah Khan (QAT),4,4,14.0,0,101,1,1/44,101,7.21,84,0,0,Ikramullah Khan,QAT
777,Ilyas Cetin (TKY),1,1,1.0,0,22,1,1/22,22,22,6,0,0,Ilyas Cetin,TKY
778,Imran Yousaf (KSA),1,1,4.0,0,15,1,1/15,15,3.75,24,0,0,Imran Yousaf,KSA
779,Irfan Hafejee (PAN),2,2,5.4,0,45,1,1/30,45,7.94,34,0,0,Irfan Hafejee,PAN
780,Isa Zaroo (BUL),1,1,3.0,0,36,1,1/36,36,12,18,0,0,Isa Zaroo,BUL
781,AE Isesele (NGA),2,2,3.0,0,22,1,1/11,22,7.33,18,0,0,AE Isesele,NGA
782,Itibarshah Deedar (AUT),4,4,9.0,0,73,1,1/28,73,8.11,54,0,0,Itibarshah Deedar,AUT
783,B Ito-Davis (JPN),1,1,2.0,0,4,1,1/4,4,2,12,0,0,B Ito-Davis,JPN
784,J Jagroo (BHM),1,1,2.0,0,16,1,1/16,16,8,12,0,0,J Jagroo,BHM
785,Jaspal Singh (MLT),4,4,9.0,0,84,1,1/8,84,9.33,54,0,0,Jaspal Singh,MLT
786,Javed Maroofkhail (NOR),1,1,2.0,1,12,1,1/12,12,6,12,0,0,Javed Maroofkhail,NOR
787,AA Jimoh (NGA),2,2,4.1,0,22,1,1/10,22,5.28,25,0,0,AA Jimoh,NGA
788,Junaid Siddiqui (CAN),1,1,4.0,0,27,1,1/27,27,6.75,24,0,0,Junaid Siddiqui,CAN
789,Kamal Soukhiya (LUX),1,1,4.0,0,35,1,1/35,35,8.75,24,0,0,Kamal Soukhiya,LUX
790,Karanbir Singh (AUT),1,1,2.2,0,18,1,1/18,18,7.71,14,0,0,Karanbir Singh,AUT
791,Karma Dorji (BHU),2,2,3.0,0,24,1,1/5,24,8,18,0,0,Karma Dorji,BHU
792,Kashif Abbas (KSA),2,2,8.0,0,57,1,1/34,57,7.12,48,0,0,Kashif Abbas,KSA
793,S Kaveri (Mex),1,1,4.0,0,13,1,1/13,13,3.25,24,0,0,S Kaveri,Mex
794,Khalander Mustafa (KSA),1,1,3.0,0,21,1,1/21,21,7,18,0,0,Khalander Mustafa,KSA
795,F Khaliq (BEL),2,2,7.0,0,39,1,1/13,39,5.57,42,0,0,F Khaliq,BEL
796,Khushdil Shah (PAK),1,1,3.0,0,16,1,1/16,16,5.33,18,0,0,Khushdil Shah,PAK
797,FJ Klaassen (NED),1,1,3.0,0,25,1,1/25,25,8.33,18,0,0,FJ Klaassen,NED
798,RM Koda (INA),4,4,11.0,0,96,1,1/44,96,8.72,66,0,0,RM Koda,INA
799,W Kokaua (COK),1,1,4.0,0,45,1,1/45,45,11.25,24,0,0,W Kokaua,COK
800,Akhil Kumar (CAN),3,3,8.0,0,71,1,1/19,71,8.87,48,0,0,Akhil Kumar,CAN
801,TK Lal (CZK-R),2,2,8.0,0,50,1,1/27,50,6.25,48,0,0,TK Lal,CZK-R
802,C Liebenberg (IOM),2,2,6.0,0,44,1,1/32,44,7.33,36,0,0,C Liebenberg,IOM
803,GF Linde (SA),2,2,6.0,0,46,1,1/26,46,7.66,36,0,0,GF Linde,SA
804,ZB Lion-Cachet (NED),1,1,4.0,0,22,1,1/22,22,5.5,24,0,0,ZB Lion-Cachet,NED
805,Luka Woods (SRB),1,1,4.0,0,18,1,1/18,18,4.5,24,0,0,Luka Woods,SRB
806,O Lutbayar (MNG),1,1,3.0,0,32,1,1/32,32,10.66,18,0,0,O Lutbayar,MNG
807,W Madhevere (ZIM),2,2,4.0,0,33,1,1/14,33,8.25,24,0,0,W Madhevere,ZIM
808,D Maisuria (BOT),4,4,14.0,0,77,1,1/22,77,5.5,84,0,0,D Maisuria,BOT
809,Manpreet Singh (SGP),3,3,7.0,0,71,1,1/16,71,10.14,42,0,0,Manpreet Singh,SGP
810,DE Martel (GUE),1,1,4.0,0,27,1,1/27,27,6.75,24,0,0,DE Martel,GUE
811,Mayank Nagayach (LUX),4,4,15.0,0,128,1,1/33,128,8.53,90,0,0,Mayank Nagayach,LUX
812,Ma Qiancheng (CHN),2,2,4.5,0,19,1,1/9,19,3.93,29,0,0,Ma Qiancheng,CHN
813,B McMullen (SCOT),3,3,6.0,0,64,1,1/33,64,10.66,36,0,0,B McMullen,SCOT
814,Mehboob Ali (MLT),1,1,3.0,0,31,1,1/31,31,10.33,18,0,0,Mehboob Ali,MLT
815,AJ Michael (Samoa),2,2,6.0,0,32,1,1/15,32,5.33,36,0,0,AJ Michael,Samoa
816,Michael Charlie (PNG),1,1,2.0,0,12,1,1/12,12,6,12,0,0,Michael Charlie,PNG
817,TS Mills (ENG),2,2,6.0,0,82,1,1/52,82,13.66,36,0,0,TS Mills,ENG
818,Mohamed Coulibaly (Mali),2,2,5.0,0,42,1,1/28,42,8.4,30,0,0,Mohamed Coulibaly,Mali
819,Mohamed Ishmath (MDV),4,4,12.0,0,69,1,1/22,69,5.75,72,0,0,Mohamed Ishmath,MDV
820,Mohamed Miuvaan (MDV),2,2,7.0,0,51,1,1/42,51,7.28,42,0,0,Mohamed Miuvaan,MDV
821,Mohammed Irshad (QAT),5,5,8.0,0,104,1,1/27,104,13,48,0,0,Mohammed Irshad,QAT
822,L Monanthane (LES),2,2,3.0,0,19,1,1/9,19,6.33,18,0,0,L Monanthane,LES
823,Iqbal Mudassir (SKOR),1,1,2.0,0,21,1,1/21,21,10.5,12,0,0,Iqbal Mudassir,SKOR
824,Muhammad Soban (HUN),1,1,4.0,0,22,1,1/22,22,5.5,24,0,0,Muhammad Soban,HUN
825,FC Muniz (BRA),2,2,8.0,0,41,1,1/20,41,5.12,48,0,0,FC Muniz,BRA
826,Murid Ekrami (BEL),2,2,5.2,0,54,1,1/15,54,10.12,32,0,0,Murid Ekrami,BEL
827,WSLK Narayana (ISR),2,2,4.0,0,36,1,1/16,36,9,24,0,0,WSLK Narayana,ISR
828,Nasrulla Rana (HKG),5,5,11.0,0,116,1,1/31,116,10.54,66,0,0,Nasrulla Rana,HKG
829,Naveed Shahid (FIN),1,1,3.0,0,6,1,1/6,6,2,18,0,0,Naveed Shahid,FIN
830,Nazwan Ismail (MDV),2,2,6.0,0,62,1,1/13,62,10.33,36,0,0,Nazwan Ismail,MDV
831,A Ndlovu (ZIM),3,3,11.0,0,88,1,1/25,88,8,66,0,0,A Ndlovu,ZIM
832,E Ndubudem (NGA),2,2,5.0,0,34,1,1/18,34,6.8,30,0,0,E Ndubudem,NGA
833,SN Netravalkar (USA),2,2,8.0,0,77,1,1/27,77,9.62,48,0,0,SN Netravalkar,USA
834,Nimish Lathief (KUW),4,4,11.0,0,103,1,1/25,103,9.36,66,0,0,Nimish Lathief,KUW
835,Noman Amjad (Fran),3,3,9.0,0,52,1,1/23,52,5.77,54,0,0,Noman Amjad,Fran
836,MMR Obili (EST),1,1,4.0,0,29,1,1/29,29,7.25,24,0,0,MMR Obili,EST
837,Paing Danu (MYAN),1,1,4.0,0,25,1,1/25,25,6.25,24,0,0,Paing Danu,MYAN
838,Paras Singh (HKG),2,2,3.2,0,39,1,1/27,39,11.7,20,0,0,Paras Singh,HKG
839,A Paul (EST),1,1,4.0,0,37,1,1/37,37,9.25,24,0,0,A Paul,EST
840,K Pierre (WI),2,2,8.0,0,75,1,1/33,75,9.37,48,0,0,K Pierre,WI
841,P Pirabakaran (Fran),1,1,3.0,0,14,1,1/14,14,4.66,18,0,0,P Pirabakaran,Fran
842,M Podosky (PHI),3,3,12.0,0,87,1,1/33,87,7.25,72,0,0,M Podosky,PHI
843,D Pretorius (SA),1,1,4.0,0,41,1,1/41,41,10.25,24,0,0,D Pretorius,SA
844,V Pulibanti (CRT),1,1,2.0,0,15,1,1/15,15,7.5,12,0,0,V Pulibanti,CRT
845,Rahat Kazi (TLS),3,3,4.0,0,54,1,1/11,54,13.5,24,0,0,Rahat Kazi,TLS
846,CAK Rajitha (SL),1,1,2.0,0,25,1,1/25,25,12.5,12,0,0,CAK Rajitha,SL
847,AM Rajpurohit (GMB),1,1,3.0,0,51,1,1/51,51,17,18,0,0,AM Rajpurohit,GMB
848,Ramandeep Singh (IND),1,1,3.2,0,42,1,1/42,42,12.6,20,0,0,Ramandeep Singh,IND
849,V Rathinasamy (CRT),2,2,4.0,0,31,1,1/15,31,7.75,24,0,0,V Rathinasamy,CRT
850,D Ravu (PNG),1,1,4.0,0,33,1,1/33,33,8.25,24,0,0,D Ravu,PNG
851,DMW Rawlins (BER),3,3,8.5,0,81,1,1/31,81,9.16,53,0,0,DMW Rawlins,BER
852,G Richardson (JER),1,1,4.0,0,41,1,1/41,41,10.25,24,0,0,G Richardson,JER
853,Ritik Tomar (CZK-R),2,2,6.0,0,30,1,1/14,30,5,36,0,0,Ritik Tomar,CZK-R
854,E Rukiriza (RWN),5,5,15.1,0,98,1,1/21,98,6.46,91,0,0,E Rukiriza,RWN
855,Rupesh Singh (NEP),2,2,6.0,0,63,1,1/32,63,10.5,36,0,0,Rupesh Singh,NEP
856,Saeed Ahmed (SWE),1,1,3.0,0,45,1,1/45,45,15,18,0,0,Saeed Ahmed,SWE
857,R Sai Kishore (IND),1,1,4.0,0,25,1,1/25,25,6.25,24,0,0,R Sai Kishore,IND
858,Salman Nazar (CAN),1,1,4.0,0,22,1,1/22,22,5.5,24,0,0,Salman Nazar,CAN
859,Salvin Stanly (CAM),1,1,4.0,0,28,1,1/28,28,7,24,0,0,Salvin Stanly,CAM
860,DR Sams (AUS),1,1,4.0,0,42,1,1/42,42,10.5,24,0,0,DR Sams,AUS
861,AJA Samuels (COK),3,3,10.0,0,99,1,1/35,99,9.9,60,0,0,AJA Samuels,COK
862,R Sandeep (SWZ),3,3,9.2,0,54,1,1/21,54,5.78,56,0,0,R Sandeep,SWZ
863,P Sarraf (NEP),1,1,3.0,0,18,1,1/18,18,6,18,0,0,P Sarraf,NEP
864,S Selvaraj (TAN),1,1,4.0,0,19,1,1/19,19,4.75,24,0,0,S Selvaraj,TAN
865,Shadnan Khan (AUT),1,1,2.0,0,8,1,1/8,8,4,12,0,0,Shadnan Khan,AUT
866,Shafat Ali Syed (ESP),3,3,7.0,0,71,1,1/35,71,10.14,42,0,0,Shafat Ali Syed,ESP
867,Shahab Alam (NEP),1,1,2.0,0,35,1,1/35,35,17.5,12,0,0,Shahab Alam,NEP
868,Shahidullah (AFG),1,1,1.0,0,13,1,1/13,13,13,6,0,0,Shahidullah,AFG
869,MD Shanaka (SL),4,4,9.0,1,63,1,1/6,63,7,54,0,0,MD Shanaka,SL
870,P Sharma (KENYA),1,1,4.0,0,19,1,1/19,19,4.75,24,0,0,P Sharma,KENYA
871,SM Sharma (UAE),1,1,3.0,0,47,1,1/47,47,15.66,18,0,0,SM Sharma,UAE
872,R Sheshadri (SGP),1,1,1.0,0,2,1,1/2,2,2,6,0,0,R Sheshadri,SGP
873,B Shikongo (NAM),2,2,4.5,0,54,1,1/35,54,11.17,29,0,0,B Shikongo,NAM
874,SPS Shikongo (NAM),1,1,1.0,0,6,1,1/6,6,6,6,0,0,SPS Shikongo,NAM
875,MW Short (AUS),3,3,4.0,0,49,1,1/13,49,12.25,24,0,0,MW Short,AUS
876,LK Sharma (Mex),1,1,3.0,0,29,1,1/29,29,9.66,18,0,0,LK Sharma,Mex
877,Sikandar Raza (ZIM),5,5,16.0,0,150,1,1/38,150,9.37,96,0,0,Sikandar Raza,ZIM
878,VA Singh (Sur),1,1,2.0,0,16,1,1/16,16,8,12,0,0,VA Singh,Sur
879,OF Smith (WI),3,3,9.0,0,106,1,1/32,106,11.77,54,0,0,OF Smith,WI
880,R Smith (BHM),3,3,6.0,0,41,1,1/19,41,6.83,36,0,0,R Smith,BHM
881,JT Smuts (ITA),1,1,4.0,0,22,1,1/22,22,5.5,24,0,0,JT Smuts,ITA
882,TG Southee (NZ),1,1,4.0,0,37,1,1/37,37,9.25,24,0,0,TG Southee,NZ
883,S Stanikzay (Fran),1,1,4.0,0,37,1,1/37,37,9.25,24,0,0,S Stanikzay,Fran
884,MA Starc (AUS),1,1,4.0,0,23,1,1/23,23,5.75,24,0,0,MA Starc,AUS
885,AL Stephen (VAN),3,3,7.0,0,64,1,1/33,64,9.14,42,0,0,AL Stephen,VAN
886,CAH Stevenson (USA),1,1,3.0,0,15,1,1/15,15,5,18,0,0,CAH Stevenson,USA
887,BK Stroud (STHEL),1,1,4.0,0,21,1,1/21,21,5.25,24,0,0,BK Stroud,STHEL
888,PSRK Sudarshan (SGP),3,3,10.0,0,78,1,1/25,78,7.8,60,0,0,PSRK Sudarshan,SGP
889,Sufiyan Muqeem (PAK),1,1,2.0,0,32,1,1/32,32,16,12,0,0,Sufiyan Muqeem,PAK
890,D Svilicic (CRT),3,3,8.0,0,88,1,1/52,88,11,48,0,0,D Svilicic,CRT
891,Syed Ali Gillani (SWE),1,1,4.0,0,42,1,1/42,42,10.5,24,0,0,Syed Ali Gillani,SWE
892,Syed Maisam Ali (POR),1,1,4.0,0,25,1,1/25,25,6.25,24,0,0,Syed Maisam Ali,POR
893,Tahir Patel (SWZ),2,2,6.2,0,70,1,1/57,70,11.05,38,0,0,Tahir Patel,SWZ
894,HT Tector (IRE),1,1,4.0,0,28,1,1/28,28,7,24,0,0,HT Tector,IRE
895,DT Tiripano (ZIM),4,4,9.0,0,87,1,1/20,87,9.66,54,0,0,DT Tiripano,ZIM
896,NK Tiwari (CYP),1,1,3.0,0,24,1,1/24,24,8,18,0,0,NK Tiwari,CYP
897,RJW Topley (ENG),1,1,4.0,0,35,1,1/35,35,8.75,24,0,0,RJW Topley,ENG
898,M Ozturk (TKY),1,1,4.0,0,26,1,1/26,26,6.5,24,0,0,M Ozturk,TKY
899,N Tyagi (CZK-R),2,2,7.0,0,54,1,1/27,54,7.71,42,0,0,N Tyagi,CZK-R
900,Ugyen Dorji (BHU),1,1,2.0,0,6,1,1/6,6,3,12,0,0,Ugyen Dorji,BHU
901,Sana Ullah (SKOR),1,1,4.0,0,35,1,1/35,35,8.75,24,0,0,Sana Ullah,SKOR
902,A Uniyal (Chile),1,1,3.0,0,13,1,1/13,13,4.33,18,0,0,A Uniyal,Chile
903,DV Varghese (BUL),5,5,9.3,0,103,1,1/25,103,10.84,57,0,0,DV Varghese,BUL
904,H Venkataram (SGP),2,2,8.0,0,72,1,1/35,72,9,48,0,0,H Venkataram,SGP
905,A Venkatesh (SWE),1,1,1.5,0,8,1,1/8,8,4.36,11,0,0,A Venkatesh,SWE
906,Waji Ul Hassan (KSA),1,1,4.0,0,27,1,1/27,27,6.75,24,0,0,Waji Ul Hassan,KSA
907,Waleed Waqar (BUL),2,2,3.0,0,43,1,1/26,43,14.33,18,0,0,Waleed Waqar,BUL
908,Waqar Ali (CYP),1,1,4.0,0,21,1,1/21,21,5.25,24,0,0,Waqar Ali,CYP
909,SM Warnakulasuriya (Fran),1,1,2.0,0,34,1,1/34,34,17,12,0,0,SM Warnakulasuriya,Fran
910,AG Weligamage (HUN),1,1,3.0,0,36,1,1/36,36,12,18,0,0,AG Weligamage,HUN
911,KY Wilfried (CIV),1,1,1.0,0,8,1,1/8,8,8,6,0,0,KY Wilfried,CIV
912,D Wotu (VAN),4,4,14.0,0,94,1,1/39,94,6.71,84,0,0,D Wotu,VAN
913,A Wright (CAY),3,3,11.0,0,60,1,1/24,60,5.45,66,0,0,A Wright,CAY
914,Yusuf Ebrahim (PAN),2,2,4.0,1,42,1,1/20,42,10.5,24,0,0,Yusuf Ebrahim,PAN
915,Yves Cyusa (RWN),1,1,4.0,0,51,1,1/51,51,12.75,24,0,0,Yves Cyusa,RWN
916,Zaker Taqawi (SWE),4,4,15.0,0,108,1,1/17,108,7.2,90,0,0,Zaker Taqawi,SWE
917,Zeeshan Ali (EST),2,2,5.0,0,51,1,1/41,51,10.2,30,0,0,Zeeshan Ali,EST
918,N Zimonjic (SRB),1,1,3.0,0,34,1,1/34,34,11.33,18,0,0,N Zimonjic,SRB
919,Aamer Jamal (PAK),2,2,6.0,0,73,0,0,0,12.16,0,0,0,Aamer Jamal,PAK
920,Abdul Wahid (KSA),1,1,4.0,0,44,0,0,0,11,0,0,0,Abdul Wahid,KSA
921,CN Ackermann (NED),2,2,6.0,0,52,0,0,0,8.66,0,0,0,CN Ackermann,NED
922,Adnan Shnwarei (NOR),1,1,2.0,0,15,0,0,0,7.5,0,0,0,Adnan Shnwarei,NOR
923,N Ahir (PAN),2,2,3.0,1,29,0,0,0,9.66,0,0,0,N Ahir,PAN
924,Rehan Ahmed (ENG),2,2,7.0,0,65,0,0,0,9.28,0,0,0,Rehan Ahmed,ENG
925,Ahmed Baladraf (KSA),1,1,3.0,0,25,0,0,0,8.33,0,0,0,Ahmed Baladraf,KSA
926,D Ajekun (NGA),1,1,1.0,0,10,0,0,0,10,0,0,0,D Ajekun,NGA
927,MC Alex (CIV),3,3,8.1,0,85,0,0,0,10.4,0,0,0,MC Alex,CIV
928,Ali Hussain (ROM),1,1,3.0,0,24,0,0,0,8,0,0,0,Ali Hussain,ROM
929,Ali Masood (EST),1,1,2.0,0,16,0,0,0,8,0,0,0,Ali Masood,EST
930,Ali Nawaz (HUN),2,2,2.0,0,29,0,0,0,14.5,0,0,0,Ali Nawaz,HUN
931,Ali Rasool (BUL),2,2,3.0,0,35,0,0,0,11.66,0,0,0,Ali Rasool,BUL
932,FA Allen (WI),1,1,3.0,0,25,0,0,0,8.33,0,0,0,FA Allen,WI
933,KO Altamirano (CRC),1,1,0.4,0,14,0,0,0,21,0,0,0,KO Altamirano,CRC
934,Amandeep Singh (POR),1,1,4.0,0,23,0,0,0,5.75,0,0,0,Amandeep Singh,POR
935,MHSMS Amaradasa (MDV),1,1,2.0,0,12,0,0,0,6,0,0,0,MHSMS Amaradasa,MDV
936,T Amarmend (MNG),2,2,8.0,0,67,0,0,0,8.37,0,0,0,T Amarmend,MNG
937,CJA Amini (PNG),1,1,1.0,0,1,0,0,0,1,0,0,0,CJA Amini,PNG
938,Amir Farooq (QAT),1,1,2.0,0,16,0,0,0,8,0,0,0,Amir Farooq,QAT
939,Amjad Sher (FIN),1,1,4.0,0,46,0,0,0,11.5,0,0,0,Amjad Sher,FIN
940,Anik Ahmed (ITA),1,1,2.0,0,11,0,0,0,5.5,0,0,0,Anik Ahmed,ITA
941,Anmoldeep Singh (ITA),2,2,2.2,0,28,0,0,0,12,0,0,0,Anmoldeep Singh,ITA
942,Ansar Iqbal (NOR),1,1,1.0,0,3,0,0,0,3,0,0,0,Ansar Iqbal,NOR
943,R Ashwin (IND),3,3,12.0,1,80,0,0,0,6.66,0,0,0,R Ashwin,IND
944,Ashwin Vinod (SUI),3,3,8.0,0,63,0,0,0,7.87,0,0,0,Ashwin Vinod,SUI
945,Aslam Bera (Zamb),2,2,6.0,0,49,0,0,0,8.16,0,0,0,Aslam Bera,Zamb
946,SK Atai (PNG),1,1,1.0,0,9,0,0,0,9,0,0,0,SK Atai,PNG
947,V Ateak (GHA),1,1,2.0,0,9,0,0,0,4.5,0,0,0,V Ateak,GHA
948,Atif Rasheed (FIN),1,1,1.0,0,5,0,0,0,5,0,0,0,Atif Rasheed,FIN
949,AAP Atkinson (ENG),1,1,2.0,0,33,0,0,0,16.5,0,0,0,AAP Atkinson,ENG
950,Awais Ikram (SVN),1,1,1.0,0,13,0,0,0,13,0,0,0,Awais Ikram,SVN
951,A Awasthi (CRT),1,1,2.0,0,41,0,0,0,20.5,0,0,0,A Awasthi,CRT
952,Ayaz Dadabhai (Zamb),2,2,3.0,0,22,0,0,0,7.33,0,0,0,Ayaz Dadabhai,Zamb
953,K Babu (SKOR),1,1,2.0,0,17,0,0,0,8.5,0,0,0,K Babu,SKOR
954,M Badenhorst (BOT),1,1,1.5,0,22,0,0,0,12,0,0,0,M Badenhorst,BOT
955,DS Bajwa (CAN),1,1,3.0,0,18,0,0,0,6,0,0,0,DS Bajwa,CAN
956,JD Baker (Samoa),1,1,3.0,0,32,0,0,0,10.66,0,0,0,JD Baker,Samoa
957,Bakhtiar Tahiri (BUL),1,1,2.0,0,24,0,0,0,12,0,0,0,Bakhtiar Tahiri,BUL
958,JW Bartlett (Chile),1,1,1.0,0,7,0,0,0,7,0,0,0,JW Bartlett,Chile
959,Basharat Hussain (SKOR),1,1,1.0,0,15,0,0,0,15,0,0,0,Basharat Hussain,SKOR
960,Bashir Ahmad (AFG),1,1,3.0,0,38,0,0,0,12.66,0,0,0,Bashir Ahmad,AFG
961,S Bau (PNG),3,3,6.3,0,45,0,0,0,6.92,0,0,0,S Bau,PNG
962,C Bevin (CRT),1,1,2.0,0,22,0,0,0,11,0,0,0,C Bevin,CRT
963,SVE Bharathi (GER),1,1,4.0,0,16,0,0,0,4,0,0,0,SVE Bharathi,GER
964,Z Bimenyimana (RWN),1,1,1.0,0,11,0,0,0,11,0,0,0,Z Bimenyimana,RWN
965,D Birrell (JER),1,1,2.3,0,21,0,0,0,8.4,0,0,0,D Birrell,JER
966,AR Bisht (OMA),1,1,2.0,0,16,0,0,0,8,0,0,0,AR Bisht,OMA
967,DG Blampied (JER),2,2,4.0,0,37,0,0,0,9.25,0,0,0,DG Blampied,JER
968,D Bourne (),1,1,1.0,0,8,0,0,0,8,0,0,0,D Bourne,
969,R Brar (CYP),1,1,4.0,0,45,0,0,0,11.25,0,0,0,R Brar,CYP
970,J Broad (GER),1,1,1.0,0,12,0,0,0,12,0,0,0,J Broad,GER
971,P Cabebula (Fiji),1,1,4.0,0,39,0,0,0,9.75,0,0,0,P Cabebula,Fiji
972,C Campher (IRE),1,1,3.0,0,22,0,0,0,7.33,0,0,0,C Campher,IRE
973,C Cassell (SCOT),1,1,1.0,0,19,0,0,0,19,0,0,0,C Cassell,SCOT
974,A Chaubey (CRT),1,1,1.1,0,13,0,0,0,11.14,0,0,0,A Chaubey,CRT
975,A Chaudhary (SGP),1,1,2.0,0,19,0,0,0,9.5,0,0,0,A Chaudhary,SGP
976,SFS Cheema (AUT),2,2,5.0,0,57,0,0,0,11.4,0,0,0,SFS Cheema,AUT
977,TL Chivanga (ZIM),2,2,4.3,0,47,0,0,0,10.44,0,0,0,TL Chivanga,ZIM
978,WJ Cope (LUX),1,1,2.0,0,19,0,0,0,9.5,0,0,0,WJ Cope,LUX
979,SS Cottrell (WI),1,1,3.0,0,21,0,0,0,7,0,0,0,SS Cottrell,WI
980,A Daxini (CRT),1,1,1.0,0,21,0,0,0,21,0,0,0,A Daxini,CRT
981,STRA de Silva (SEY),1,1,1.0,0,17,0,0,0,17,0,0,0,STRA de Silva,SEY
982,S Dhakal (NEP),1,1,4.0,0,19,0,0,0,4.75,0,0,0,S Dhakal,NEP
983,Dhananjay Rao (HKG),1,1,3.0,0,29,0,0,0,9.66,0,0,0,Dhananjay Rao,HKG
984,C Dickson (COK),1,1,4.0,0,23,0,0,0,5.75,0,0,0,C Dickson,COK
985,W Dlamini (SWZ),1,1,3.0,0,38,0,0,0,12.66,0,0,0,W Dlamini,SWZ
986,JEA Doctora (PHI),1,1,0.2,0,2,0,0,0,6,0,0,0,JEA Doctora,PHI
987,S Draunivudi (Fiji),1,1,3.0,0,28,0,0,0,9.33,0,0,0,S Draunivudi,Fiji
988,JA Duffy (NZ),1,1,3.0,0,50,0,0,0,16.66,0,0,0,JA Duffy,NZ
989,Esam Rahman (JPN),1,1,1.0,0,9,0,0,0,9,0,0,0,Esam Rahman,JPN
990,Faizal Salehji (PAN),1,1,2.0,0,15,0,0,0,7.5,0,0,0,Faizal Salehji,PAN
991,M Faraz Akram (ZIM),2,2,5.0,0,55,0,0,0,11,0,0,0,M Faraz Akram,ZIM
992,G Fatouros (GRC),1,1,1.0,0,14,0,0,0,14,0,0,0,G Fatouros,GRC
993,Fayaz Khan (GER),1,1,2.0,0,14,0,0,0,7,0,0,0,Fayaz Khan,GER
994,H Fennell (Arg),1,1,4.0,0,22,0,0,0,5.5,0,0,0,H Fennell,Arg
995,J Fernando (ROM),1,1,1.0,0,13,0,0,0,13,0,0,0,J Fernando,ROM
996,D Ferreira (SA),1,1,3.0,0,37,0,0,0,12.33,0,0,0,D Ferreira,SA
997,Festus Benn (BHM),2,2,6.0,0,53,0,0,0,8.83,0,0,0,Festus Benn,BHM
998,Gagandeep Singh (GHA),1,1,1.0,0,11,0,0,0,11,0,0,0,Gagandeep Singh,GHA
999,A Gall (HUN),1,1,2.0,0,24,0,0,0,12,0,0,0,A Gall,HUN
1000,D Ganesh (CRC),1,1,4.0,1,6,0,0,0,1.5,0,0,0,D Ganesh,CRC
1001,Gaurav Tiwari (INA),1,1,4.0,0,23,0,0,0,5.75,0,0,0,Gaurav Tiwari,INA
1002,Ghayour Ahmad (KSA),1,1,3.0,0,14,0,0,0,4.66,0,0,0,Ghayour Ahmad,KSA
1003,P Ghosh (MLT),1,1,1.0,0,9,0,0,0,9,0,0,0,P Ghosh,MLT
1004,S Gill (KENYA),1,1,2.0,0,9,0,0,0,4.5,0,0,0,S Gill,KENYA
1005,SKS Gill (LUX),1,1,2.0,0,10,0,0,0,5,0,0,0,SKS Gill,LUX
1006,N Gnanapragasam (SEY),1,1,2.0,0,8,0,0,0,4,0,0,0,N Gnanapragasam,SEY
1007,A Gulati (BHM),2,2,2.0,0,30,0,0,0,15,0,0,0,A Gulati,BHM
1008,Gurpratap Singh (CYP),1,1,2.0,0,23,0,0,0,11.5,0,0,0,Gurpratap Singh,CYP
1009,Haris Karim (SVN),1,1,3.0,0,13,0,0,0,4.33,0,0,0,Haris Karim,SVN
1010,HL Harji (SEY),2,2,2.0,0,11,0,0,0,5.5,0,0,0,HL Harji,SEY
1011,Haroon Shahid (KUW),1,1,2.0,0,17,0,0,0,8.5,0,0,0,Haroon Shahid,KUW
1012,A Harris (BHM),1,1,2.0,0,18,0,0,0,9,0,0,0,A Harris,BHM
1013,Hasan Ali (PAK),3,3,10.0,0,115,0,0,0,11.5,0,0,0,Hasan Ali,PAK
1014,RJ Hatchman (GIBR),1,1,2.0,0,28,0,0,0,14,0,0,0,RJ Hatchman,GIBR
1015,R Hekure (PNG),1,1,4.0,0,25,0,0,0,6.25,0,0,0,R Hekure,PNG
1016,M Heingo (NAM),1,1,1.0,0,12,0,0,0,12,0,0,0,M Heingo,NAM
1017,S Henry (Falk),2,2,4.0,0,16,0,0,0,4,0,0,0,S Henry,Falk
1018,Hisham Shaikh (KSA),2,2,5.0,0,36,0,0,0,7.2,0,0,0,Hisham Shaikh,KSA
1019,J Horrocks (GIBR),2,2,2.0,0,26,0,0,0,13,0,0,0,J Horrocks,GIBR
1020,Ibrahim Kursad Dalyan (TKY),1,1,2.0,0,18,0,0,0,9,0,0,0,Ibrahim Kursad Dalyan,TKY
1021,Ibrar Ahmad (HUN),1,1,1.0,0,13,0,0,0,13,0,0,0,Ibrar Ahmad,HUN
1022,Iftikhar Ahmed (PAK),1,1,1.0,0,3,0,0,0,3,0,0,0,Iftikhar Ahmed,PAK
1023,JM Iradukunda (RWN),3,3,10.0,0,86,0,0,0,8.6,0,0,0,JM Iradukunda,RWN
1024,Irfan Safi (AUT),1,1,2.0,0,27,0,0,0,13.5,0,0,0,Irfan Safi,AUT
1025,B Isaac (STHEL),1,1,2.0,0,14,0,0,0,7,0,0,0,B Isaac,STHEL
1026,E Jabarkhel (LUX),1,1,2.0,0,17,0,0,0,8.5,0,0,0,E Jabarkhel,LUX
1027,Jahandad Khan (PAK),1,1,1.0,0,16,0,0,0,16,0,0,0,Jahandad Khan,PAK
1028,Jaison Jerome (MLT),2,2,6.0,0,58,0,0,0,9.66,0,0,0,Jaison Jerome,MLT
1029,T Jamtsho (BHU),4,4,6.3,0,51,0,0,0,7.84,0,0,0,T Jamtsho,BHU
1030,D Jansen (IOM),2,2,5.0,0,29,0,0,0,5.8,0,0,0,D Jansen,IOM
1031,V Jatinder Kumar (GER),1,1,4.0,0,32,0,0,0,8,0,0,0,V Jatinder Kumar,GER
1032,V Jayant (LES),1,1,2.0,1,11,0,0,0,5.5,0,0,0,V Jayant,LES
1033,P Jayeshbhai Patel (PAN),1,1,4.0,0,37,0,0,0,9.25,0,0,0,P Jayeshbhai Patel,PAN
1034,Jay Odedra (OMA),2,2,7.0,0,38,0,0,0,5.42,0,0,0,Jay Odedra,OMA
1035,JM Joao (MOZ),1,1,2.0,0,21,0,0,0,10.5,0,0,0,JM Joao,MOZ
1036,M Jobarteh (GMB),1,1,0.4,0,12,0,0,0,18,0,0,0,M Jobarteh,GMB
1037,A Johnson (CAN),1,1,1.0,0,20,0,0,0,20,0,0,0,A Johnson,CAN
1038,BE Johnson (GUE),1,1,2.0,0,32,0,0,0,16,0,0,0,BE Johnson,GUE
1039,Kaleemullah (OMA),3,3,6.0,0,39,0,0,0,6.5,0,0,0,Kaleemullah,OMA
1040,I Kamara (SLE),1,1,3.0,0,16,0,0,0,5.33,0,0,0,I Kamara,SLE
1041,S Kamate (Mali),1,1,1.0,0,13,0,0,0,13,0,0,0,S Kamate,Mali
1042,Kamran Ahmadzai (Fran),1,1,1.3,0,14,0,0,0,9.33,0,0,0,Kamran Ahmadzai,Fran
1043,Kamran Wahid (HUN),1,1,3.0,0,26,0,0,0,8.66,0,0,0,Kamran Wahid,HUN
1044,G Kansonkho (MWI),1,1,4.0,0,34,0,0,0,8.5,0,0,0,G Kansonkho,MWI
1045,Karan KC (NEP),2,2,4.5,0,51,0,0,0,10.55,0,0,0,Karan KC,NEP
1046,Kaung Htet Kyaw (MYAN),1,1,3.0,0,14,0,0,0,4.66,0,0,0,Kaung Htet Kyaw,MYAN
1047,CA Keita (Mali),1,1,1.0,0,11,0,0,0,11,0,0,0,CA Keita,Mali
1048,Khin Aye (MYAN),1,1,1.0,0,19,0,0,0,19,0,0,0,Khin Aye,MYAN
1049,H Khogiyani (AUT),1,1,4.0,0,39,0,0,0,9.75,0,0,0,H Khogiyani,AUT
1050,M Kristensen (DEN),1,1,2.0,0,12,0,0,0,6,0,0,0,M Kristensen,DEN
1051,Kuldeep Yadav (IND),1,1,4.0,0,18,0,0,0,4.5,0,0,0,Kuldeep Yadav,IND
1052,Kushal Malla (NEP),3,3,7.0,0,33,0,0,0,4.71,0,0,0,Kushal Malla,NEP
1053,E Kuyumcu (TKY),1,1,1.0,0,17,0,0,0,17,0,0,0,E Kuyumcu,TKY
1054,D Finau (Samoa),1,1,1.0,0,7,0,0,0,7,0,0,0,D Finau,Samoa
1055,W Landman (SWZ),1,1,1.0,0,12,0,0,0,12,0,0,0,W Landman,SWZ
1056,AN Lascu (ROM),1,1,2.0,0,28,0,0,0,14,0,0,0,AN Lascu,ROM
1057,AV Lazarus (THA),1,1,3.0,0,25,0,0,0,8.33,0,0,0,AV Lazarus,THA
1058,B Schuster (Samoa),1,1,3.0,0,16,0,0,0,5.33,0,0,0,B Schuster,Samoa
1059,M Levitt (NED),1,1,2.0,0,29,0,0,0,14.5,0,0,0,M Levitt,NED
1060,H Lin Aung (MYAN),1,1,4.0,0,22,0,0,0,5.5,0,0,0,H Lin Aung,MYAN
1061,A Limdawala (MWI),1,1,2.0,0,18,0,0,0,9,0,0,0,A Limdawala,MWI
1062,DB Loic (CAM),2,2,4.5,0,32,0,0,0,6.62,0,0,0,DB Loic,CAM
1063,Lucky Ali (DEN),1,1,1.0,0,11,0,0,0,11,0,0,0,Lucky Ali,DEN
1064,AR McBrine (IRE),1,1,2.0,0,24,0,0,0,12,0,0,0,AR McBrine,IRE
1065,DV Macome (MOZ),1,1,3.0,0,21,0,0,0,7,0,0,0,DV Macome,MOZ
1066,S Maduranga (SKOR),1,1,1.0,0,6,0,0,0,6,0,0,0,S Maduranga,SKOR
1067,A Magdalenic (CRT),1,1,1.0,0,15,0,0,0,15,0,0,0,A Magdalenic,CRT
1068,R Mangal (Fran),1,1,1.0,0,25,0,0,0,25,0,0,0,R Mangal,Fran
1069,Manish Sharma (CAM),1,1,2.0,0,25,0,0,0,12.5,0,0,0,Manish Sharma,CAM
1070,B Maphosa (BOT),1,1,4.0,0,27,0,0,0,6.75,0,0,0,B Maphosa,BOT
1071,MR Marsh (AUS),1,1,2.0,0,21,0,0,0,10.5,0,0,0,MR Marsh,AUS
1072,A Martel (GUE),3,3,11.1,0,91,0,0,0,8.14,0,0,0,A Martel,GUE
1073,WP Masakadza (ZIM),5,5,11.0,0,92,0,0,0,8.36,0,0,0,WP Masakadza,ZIM
1074,DK Mathias (BHR),1,1,1.0,0,12,0,0,0,12,0,0,0,DK Mathias,BHR
1075,MV Matsau (LES),3,3,3.0,0,31,0,0,0,10.33,0,0,0,MV Matsau,LES
1076,ZE Matsinhe (MOZ),1,1,1.0,0,13,0,0,0,13,0,0,0,ZE Matsinhe,MOZ
1077,KR Mayers (WI),1,1,1.0,0,7,0,0,0,7,0,0,0,KR Mayers,WI
1078,CM Mbebe (MOZ),1,1,4.0,0,27,0,0,0,6.75,0,0,0,CM Mbebe,MOZ
1079,MD Shoyaib (EST),1,1,1.0,0,11,0,0,0,11,0,0,0,MD Shoyaib,EST
1080,Y Mitari (RWN),4,4,13.0,0,127,0,0,0,9.76,0,0,0,Y Mitari,RWN
1081,Mohammad Waheed (HKG),1,1,3.0,0,37,0,0,0,12.33,0,0,0,Mohammad Waheed,HKG
1082,A Mongar (BHU),1,1,1.0,0,4,0,0,0,4,0,0,0,A Mongar,BHU
1083,Mrittunjoy Chowdhury (BAN),1,1,1.0,0,14,0,0,0,14,0,0,0,Mrittunjoy Chowdhury,BAN
1084,Fahim Bhatti (BEL),1,1,2.0,0,29,0,0,0,14.5,0,0,0,Fahim Bhatti,BEL
1085,Muhammad Afis (INA),2,2,4.0,0,45,0,0,0,11.25,0,0,0,Muhammad Afis,INA
1086,Muhammad Ajmal (MLT),1,1,1.0,0,11,0,0,0,11,0,0,0,Muhammad Ajmal,MLT
1087,Muhammad Amin (SWZ),1,1,3.0,0,30,0,0,0,10,0,0,0,Muhammad Amin,SWZ
1088,Muhammad Fahad (TKY),1,1,4.0,0,34,0,0,0,8.5,0,0,0,Muhammad Fahad,TKY
1089,Muhammad Arfan (UAE),1,1,4.0,0,33,0,0,0,8.25,0,0,0,Muhammad Arfan,UAE
1090,Muhammad Tanveer (QAT),1,1,2.0,0,13,0,0,0,6.5,0,0,0,Muhammad Tanveer,QAT
1091,Mustafa Omer (Fran),1,1,3.0,0,28,0,0,0,9.33,0,0,0,Mustafa Omer,Fran
1092,I Mwebaze (UGA),1,1,2.0,0,13,0,0,0,6.5,0,0,0,I Mwebaze,UGA
1093,A Nanda (LUX),1,1,2.0,0,20,0,0,0,10,0,0,0,A Nanda,LUX
1094,N Naranbaatar (MNG),2,2,3.4,0,53,0,0,0,14.45,0,0,0,N Naranbaatar,MNG
1095,A Nathwani (AUT),1,1,2.0,0,14,0,0,0,7,0,0,0,A Nathwani,AUT
1096,Naveed Ahmed (CZK-R),1,1,4.0,0,33,0,0,0,8.25,0,0,0,Naveed Ahmed,CZK-R
1097,AA Navicha (MOZ),1,1,2.0,0,16,0,0,0,8,0,0,0,AA Navicha,MOZ
1098,K Nestor (GIBR),1,1,1.3,0,12,0,0,0,8,0,0,0,K Nestor,GIBR
1099,B Niaz (BEL),1,1,4.0,0,29,0,0,0,7.25,0,0,0,B Niaz,BEL
1100,Niaz Ali (HKG),2,2,4.4,0,36,0,0,0,7.71,0,0,0,Niaz Ali,HKG
1101,E Niyomugabo (RWN),1,1,2.0,0,12,0,0,0,6,0,0,0,E Niyomugabo,RWN
1102,Noah Mead (Samoa),1,1,1.0,0,15,0,0,0,15,0,0,0,Noah Mead,Samoa
1103,Nooruddin Mujadady (GER),1,1,2.0,0,14,0,0,0,7,0,0,0,Nooruddin Mujadady,GER
1104,Nouman Sarwar (QAT),1,1,1.0,0,8,0,0,0,8,0,0,0,Nouman Sarwar,QAT
1105,JJ Nyambo (TAN),2,2,7.0,0,52,0,0,0,7.42,0,0,0,JJ Nyambo,TAN
1106,L Nyarko (GHA),2,2,4.0,1,27,0,0,0,6.75,0,0,0,L Nyarko,GHA
1107,G Oliveira (BRA),3,3,11.0,0,98,0,0,0,8.9,0,0,0,G Oliveira,BRA
1108,CL Outerbridge (BER),1,1,1.0,0,12,0,0,0,12,0,0,0,CL Outerbridge,BER
1109,RJG Palmer (JER),1,1,1.0,0,9,0,0,0,9,0,0,0,RJG Palmer,JER
1110,T Parima (COK),1,1,2.0,0,27,0,0,0,13.5,0,0,0,T Parima,COK
1111,HMHE Parsons (SKOR),1,1,1.0,0,5,0,0,0,5,0,0,0,HMHE Parsons,SKOR
1112,P Murungi (UGA),1,1,1.0,0,17,0,0,0,17,0,0,0,P Murungi,UGA
1113,RR Patel (KENYA),1,1,2.0,0,17,0,0,0,8.5,0,0,0,RR Patel,KENYA
1114,K Penjor (BHU),1,1,2.0,0,19,0,0,0,9.5,0,0,0,K Penjor,BHU
1115,S Pillai (CRC),1,1,3.0,0,17,0,0,0,5.66,0,0,0,S Pillai,CRC
1116,D Polpitiya (SWZ),1,1,2.0,0,25,0,0,0,12.5,0,0,0,D Polpitiya,SWZ
1117,SA Pradhan (SGP),1,1,2.0,0,17,0,0,0,8.5,0,0,0,SA Pradhan,SGP
1118,J Proctor (BER),2,2,5.0,0,50,0,0,0,10,0,0,0,J Proctor,BER
1119,A Pusthay (FIN),1,1,3.0,0,21,0,0,0,7,0,0,0,A Pusthay,FIN
1120,Qais Ahmad (AFG),1,1,4.0,0,28,0,0,0,7,0,0,0,Qais Ahmad,AFG
1121,Rafaqat Ali (NOR),1,1,1.0,0,25,0,0,0,25,0,0,0,Rafaqat Ali,NOR
1122,Rafiulah Alokozai (BEL),2,2,6.0,0,55,0,0,0,9.16,0,0,0,Rafiulah Alokozai,BEL
1123,Raihan Hossain (TLS),1,1,2.0,0,12,0,0,0,6,0,0,0,Raihan Hossain,TLS
1124,Rahman Ademi (SRB),1,1,3.0,0,24,0,0,0,8,0,0,0,Rahman Ademi,SRB
1125,M Raikes (GIBR),1,1,1.0,0,21,0,0,0,21,0,0,0,M Raikes,GIBR
1126,J Ramanandi (OMA),1,1,4.0,0,39,0,0,0,9.75,0,0,0,J Ramanandi,OMA
1127,Rameez Khan (ROM),1,1,3.0,0,28,0,0,0,9.33,0,0,0,Rameez Khan,ROM
1128,A Razmilic (CRT),1,1,4.0,0,24,0,0,0,6,0,0,0,A Razmilic,CRT
1129,Raza Iqbal (NOR),1,1,4.0,0,41,0,0,0,10.25,0,0,0,Raza Iqbal,NOR
1130,C Roberts (Fran),1,1,1.0,0,10,0,0,0,10,0,0,0,C Roberts,Fran
1131,LH Rodrigues (BRA),1,1,4.0,0,38,0,0,0,9.5,0,0,0,LH Rodrigues,BRA
1132,Saber Zakhil (BEL),1,1,2.0,0,26,0,0,0,13,0,0,0,Saber Zakhil,BEL
1133,Sai Hla Htwe (MYAN),1,1,2.0,0,15,0,0,0,7.5,0,0,0,Sai Hla Htwe,MYAN
1134,Sajid Safi (BEL),1,1,1.0,0,15,0,0,0,15,0,0,0,Sajid Safi,BEL
1135,Salman Mirza (PAK),1,1,3.0,0,27,0,0,0,9,0,0,0,Salman Mirza,PAK
1136,O Sam Arthur (CRC),1,1,2.0,0,19,0,0,0,9.5,0,0,0,O Sam Arthur,CRC
1137,L Sanogo (Mali),1,1,1.0,0,3,0,0,0,3,0,0,0,L Sanogo,Mali
1138,Saran Aslam (DEN),1,1,3.0,0,26,0,0,0,8.66,0,0,0,Saran Aslam,DEN
1139,R Satheesan (ROM),1,1,3.0,0,38,0,0,0,12.66,0,0,0,R Satheesan,ROM
1140,Saurabh Kumar (SKOR),1,1,2.0,0,28,0,0,0,14,0,0,0,Saurabh Kumar,SKOR
1141,Saqib Naveed (EST),1,1,1.0,0,15,0,0,0,15,0,0,0,Saqib Naveed,EST
1142,Scott Austin (CYP),1,1,2.0,0,20,0,0,0,10,0,0,0,Scott Austin,CYP
1143,S Sengupta (CZK-R),1,1,4.0,0,37,0,0,0,9.25,0,0,0,S Sengupta,CZK-R
1144,Shahid Arshad (SVN),1,1,1.0,0,17,0,0,0,17,0,0,0,Shahid Arshad,SVN
1145,Shamim Hossain (BAN),1,1,3.3,0,28,0,0,0,8,0,0,0,Shamim Hossain,BAN
1146,Shariq Munir (QAT),1,1,3.0,0,16,0,0,0,5.33,0,0,0,Shariq Munir,QAT
1147,R Sharma (SGP),1,1,3.0,0,28,0,0,0,9.33,0,0,0,R Sharma,SGP
1148,Shivam Mavi (IND),2,2,5.0,0,59,0,0,0,11.8,0,0,0,Shivam Mavi,IND
1149,SS Shukla (BHR),1,1,2.1,0,21,0,0,0,9.69,0,0,0,SS Shukla,BHR
1150,Z Shurentsetseg (MNG),2,2,3.1,0,30,0,0,0,9.47,0,0,0,Z Shurentsetseg,MNG
1151,C Smith (BER),1,1,3.0,0,8,0,0,0,2.66,0,0,0,C Smith,BER
1152,XSD Smith (Sur),1,1,4.0,0,11,0,0,0,2.75,0,0,0,XSD Smith,Sur
1153,OP Stone (ENG),1,1,4.0,0,36,0,0,0,9,0,0,0,OP Stone,ENG
1154,Khaled Ahmed (BAN),1,1,4.0,0,37,0,0,0,9.25,0,0,0,Khaled Ahmed,BAN
1155,S Tabuisulu (Fiji),1,1,0.1,0,4,0,0,0,24,0,0,0,S Tabuisulu,Fiji
1156,Tanzeel Sheikh (KENYA),2,2,4.0,1,12,0,0,0,3,0,0,0,Tanzeel Sheikh,KENYA
1157,Taranjeet Singh (ROM),5,5,11.0,0,102,0,0,0,9.27,0,0,0,Taranjeet Singh,ROM
1158,SR Taylor (USA),2,2,7.0,0,45,0,0,0,6.42,0,0,0,SR Taylor,USA
1159,VE Tembo (MOZ),1,1,1.0,0,27,0,0,0,27,0,0,0,VE Tembo,MOZ
1160,T Yotharat (THA),1,1,2.0,0,10,0,0,0,5,0,0,0,T Yotharat,THA
1161,BN Toube (CAM),3,3,4.0,0,49,0,0,0,12.25,0,0,0,BN Toube,CAM
1162,S Toutai (Samoa),1,1,4.0,0,48,0,0,0,12,0,0,0,S Toutai,Samoa
1163,A Turkmen (TKY),1,1,3.0,0,10,0,0,0,3.33,0,0,0,A Turkmen,TKY
1164,I Uboh (NGA),1,1,2.0,0,21,0,0,0,10.5,0,0,0,I Uboh,NGA
1165,Umair Qasim (SWZ),4,4,10.0,1,79,0,0,0,7.9,0,0,0,Umair Qasim,SWZ
1166,A Vala (PNG),1,1,1.0,0,4,0,0,0,4,0,0,0,A Vala,PNG
1167,SD Valjalo (CRT),1,1,2.0,0,13,0,0,0,6.5,0,0,0,SD Valjalo,CRT
1168,RE van der Merwe (NED),2,2,5.0,0,25,0,0,0,5,0,0,0,RE van der Merwe,NED
1169,S Vashisht (ROM),1,1,2.0,0,14,0,0,0,7,0,0,0,S Vashisht,ROM
1170,Vichanath Singh (THA),2,2,6.4,0,29,0,0,0,4.35,0,0,0,Vichanath Singh,THA
1171,N Vimukthi (SL),1,1,4.0,1,13,0,0,0,3.25,0,0,0,N Vimukthi,SL
1172,Virendra Kumar (ISR),1,1,1.0,0,12,0,0,0,12,0,0,0,Virendra Kumar,ISR
1173,M Vivekanandan (MNG),1,1,4.0,0,41,0,0,0,10.25,0,0,0,M Vivekanandan,MNG
1174,D Vora (HKG),1,1,2.0,0,19,0,0,0,9.5,0,0,0,D Vora,HKG
1175,PV Vuniwaqa (Fiji),1,1,2.0,0,17,0,0,0,8.5,0,0,0,PV Vuniwaqa,Fiji
1176,E Walker (IOM),1,1,1.0,0,23,0,0,0,23,0,0,0,E Walker,IOM
1177,Waqar Zalmai (AUT),2,2,6.0,0,58,0,0,0,9.66,0,0,0,Waqar Zalmai,AUT
1178,Waqas Ali (BEL),1,1,4.0,0,29,0,0,0,7.25,0,0,0,Waqas Ali,BEL
1179,Wasim Ali (OMA),1,1,3.0,0,38,0,0,0,12.66,0,0,0,Wasim Ali,OMA
1180,D Wheatley (BHM),1,1,2.0,0,34,0,0,0,17,0,0,0,D Wheatley,BHM
1181,S Weleilakeba (Fiji),1,1,1.0,0,17,0,0,0,17,0,0,0,S Weleilakeba,Fiji
1182,D Wiese (NAM),1,1,1.0,0,12,0,0,0,12,0,0,0,D Wiese,NAM
1183,SC Williams (ZIM),2,2,4.0,0,33,0,0,0,8.25,0,0,0,SC Williams,ZIM
1184,C Wright (CAY),1,1,2.0,0,18,0,0,0,9,0,0,0,C Wright,CAY
1185,Yahya Suhail (TLS),1,1,0.4,0,6,0,0,0,9,0,0,0,Yahya Suhail,TLS
1186,A Yon (STHEL),2,2,5.0,0,31,0,0,0,6.2,0,0,0,A Yon,STHEL
1187,Zabiullah Zahid (SWE),1,1,4.0,0,34,0,0,0,8.5,0,0,0,Zabiullah Zahid,SWE
1188,Zafer Durmaz (TKY),1,1,1.0,0,17,0,0,0,17,0,0,0,Zafer Durmaz,TKY
1189,V Zanko (CRT),1,1,1.0,0,4,0,0,0,4,0,0,0,V Zanko,CRT
1190,Zawar Farid (UAE),1,1,4.0,0,33,0,0,0,8.25,0,0,0,Zawar Farid,UAE
1191,Ziaurahman Shinwari (AUT),1,1,4.0,0,25,0,0,0,6.25,0,0,0,Ziaurahman Shinwari,AUT
1192,V Zimonjic (SRB),2,2,7.0,0,62,0,0,0,8.85,0,0,0,V Zimonjic,SRB
1193,Zubaid Akbari (AFG),1,1,2.0,0,13,0,0,0,6.5,0,0,0,Zubaid Akbari,AFG
